{"stats":{"minecraft:dropped":{"tac:nato_556_bullet":1,"lesraisinsadd:crossbow":1,"zombie_extreme:night_vision_helmet":3,"lesraisinsadd:crossbow_arrow":269,"zombie_extreme:mercenary_armor_chestplate":1,"zombie_extreme:mercenary_armor_leggings":1,"minecraft:light_gray_bed":1,"zombie_extreme:mercenary_armor_helmet":1,"tac:ae50":240,"tac:acog_4x_scope":4,"tac:ai_awp":1,"tac:10_gauge_round":36,"antiqueatlas:antique_atlas":1,"lesraisinsadd:ntw20":2,"zombie_extreme:mercenary_armor_boots":1,"tac:lapua338":158,"tac:50bmg":247,"zombie_extreme:spec_ops_suit_leggings":1},"minecraft:killed_by":{"minecraft:player":70,"minecraft:zombie":1},"minecraft:custom":{"minecraft:time_since_rest":151,"minecraft:sprint_one_cm":151741,"minecraft:damage_taken":62312,"minecraft:walk_one_cm":259799,"minecraft:drop":139,"minecraft:damage_dealt":266,"minecraft:fly_one_cm":98521,"minecraft:player_kills":47,"minecraft:open_chest":2,"minecraft:play_one_minute":51679,"minecraft:crouch_one_cm":3048,"minecraft:sneak_time":477,"minecraft:deaths":71,"minecraft:jump":635,"minecraft:leave_game":1,"minecraft:time_since_death":121,"minecraft:fall_one_cm":5199},"minecraft:picked_up":{"lesraisinsadd:origin_bullet":240,"zombie_extreme:mercenary_armor_leggings":1,"tac:50bmg":427,"zombie_extreme:mercenary_armor_chestplate":1,"tac:10_gauge_round":36,"tac:acog_4x_scope":3,"tac:skin_dark_blue":4,"lesraisinsadd:xm8":1,"lesraisinsadd:crossbow":1,"antiqueatlas:antique_atlas":1,"tac:lapua338":180,"pretaccraft:combat_armor_boots":1,"skbackpacks:backpack":1,"lesraisinsadd:encore":1,"minecraft:light_gray_bed":1,"zombie_extreme:mercenary_armor_helmet":1,"zombie_extreme:mercenary_armor_boots":1,"tac:nato_556_bullet":1021,"pretaccraft:combat_armor_chestplate":1,"lesraisinsadd:ntw20":2,"zombie_extreme:spec_ops_suit_leggings":1,"tac:ai_awp":1,"lesraisinsadd:crossbow_arrow":269,"pretaccraft:combat_armor_helmet":1,"zombie_extreme:night_vision_helmet":4,"pretaccraft:combat_armor_leggings":1,"tac:ae50":240}},"DataVersion":2586}