{"stats":{"minecraft:dropped":{"lesraisinsadd:crossbow":1,"tac:acog_4x_scope":4,"tac:ai_awp":1,"antiqueatlas:antique_atlas":1,"lesraisinsadd:ntw20":2,"tac:lapua338":158,"zombie_extreme:spec_ops_suit_leggings":1,"tac:nato_556_bullet":118,"zombie_extreme:night_vision_helmet":3,"zombie_extreme:mercenary_armor_chestplate":1,"lesraisinsadd:crossbow_arrow":269,"zombie_extreme:mercenary_armor_leggings":1,"minecraft:light_gray_bed":1,"zombie_extreme:mercenary_armor_helmet":1,"tac:ae50":240,"tac:10_gauge_round":36,"zombie_extreme:mercenary_armor_boots":1,"tac:50bmg":247},"minecraft:broken":{"pretaccraft:combat_armor_leggings":1,"pretaccraft:combat_armor_boots":1,"pretaccraft:combat_armor_chestplate":1,"pretaccraft:combat_armor_helmet":1},"minecraft:killed_by":{"zombie_extreme:zombie_brute":5,"minecraft:player":74,"zombie_extreme:night_hunter":1,"zombie_extreme:infectedperson":1,"minecraft:skeleton":1,"minecraft:creeper":1,"minecraft:spider":3,"minecraft:zombie":12,"zombie_extreme:rat_king":3,"zombie_extreme:murku_force_unit":1,"zombie_extreme:infected_spec_ops_soldier":1},"minecraft:custom":{"minecraft:mob_kills":131,"minecraft:play_one_minute":74080,"minecraft:damage_dealt_resisted":76,"minecraft:leave_game":3,"minecraft:time_since_death":0,"minecraft:time_since_rest":8,"minecraft:sprint_one_cm":181727,"minecraft:damage_taken":76486,"minecraft:walk_one_cm":386990,"minecraft:drop":141,"minecraft:damage_dealt":268,"minecraft:fly_one_cm":108369,"minecraft:player_kills":51,"minecraft:open_chest":2,"minecraft:crouch_one_cm":3100,"minecraft:deaths":103,"minecraft:sneak_time":483,"minecraft:jump":798,"minecraft:fall_one_cm":9551},"minecraft:killed":{"zombie_extreme:bombsuitzombie":4,"minecraft:parrot":9,"zombie_extreme:wastland_spider":1,"zombie_extreme:militarysoldier":1,"minecraft:zombie_villager":1,"zombie_extreme:infected_hazmat":1,"minecraft:spider":2,"zombie_extreme:infectedperson":2,"zombie_extreme:zombie_brute":6,"minecraft:creeper":1,"zombie_extreme:radioactive_zombie":4,"minecraft:skeleton":1,"minecraft:zombie":80,"zombie_extreme:crawler_zombie":1,"zombie_extreme:infected_dog":2,"zombie_extreme:poisonous_zombie":1,"zombie_extreme:parasite":1,"zombie_extreme:rat_king":2},"minecraft:picked_up":{"minecraft:chainmail_boots":1,"zombie_extreme:mercenary_armor_chestplate":1,"tac:10_gauge_round":185,"minecraft:potato":2,"zombie_extreme:titanbar":1,"tac:acog_4x_scope":3,"minecraft:gunpowder":3,"tac:skin_dark_blue":4,"antiqueatlas:antique_atlas":1,"lesraisinsadd:crossbow":1,"minecraft:string":1,"tac:lapua338":180,"zombie_extreme:millitaryvest_leggings":1,"zombie_extreme:mercenary_armor_helmet":1,"zombie_extreme:mercenary_armor_boots":1,"tac:nato_556_bullet":1141,"minecraft:iron_ingot":2,"lesraisinsadd:ntw20":2,"pretaccraft:combat_armor_chestplate":1,"zombie_extreme:spec_ops_suit_leggings":1,"pretaccraft:combat_armor_helmet":1,"zombie_extreme:copper_ignot":2,"zombie_extreme:night_vision_helmet":4,"tac:ae50":240,"tac:m870_classic":1,"minecraft:golden_helmet":1,"lesraisinsadd:origin_bullet":240,"zombie_extreme:mercenary_armor_leggings":1,"tac:50bmg":427,"minecraft:poisonous_potato":1,"zombie_extreme:antiradon_enhanced_action":1,"minecraft:spider_eye":1,"lesraisinsadd:xm8":1,"pretaccraft:combat_armor_boots":1,"zombie_extreme:soda":1,"zombie_extreme:chemical_protection_suit_boots":1,"zombie_extreme:blackbar":1,"minecraft:light_gray_bed":1,"skbackpacks:backpack":1,"lesraisinsadd:encore":1,"minecraft:rotten_flesh":63,"tac:ai_awp":1,"lesraisinsadd:crossbow_arrow":269,"pretaccraft:combat_armor_leggings":1}},"DataVersion":2586}