{"stats":{"minecraft:dropped":{"tac:nato_556_bullet":1,"tac:ae50":240},"minecraft:killed_by":{"minecraft:player":4},"minecraft:custom":{"minecraft:open_chest":2,"minecraft:time_since_rest":503,"minecraft:play_one_minute":9677,"minecraft:crouch_one_cm":3047,"minecraft:walk_one_cm":35869,"minecraft:sprint_one_cm":33713,"minecraft:damage_taken":1694,"minecraft:deaths":4,"minecraft:sneak_time":444,"minecraft:drop":64,"minecraft:jump":170,"minecraft:time_since_death":476,"minecraft:fly_one_cm":49414,"minecraft:fall_one_cm":1962,"minecraft:player_kills":1},"minecraft:picked_up":{"zombie_extreme:mercenary_armor_leggings":1,"tac:50bmg":270,"zombie_extreme:mercenary_armor_helmet":1,"zombie_extreme:mercenary_armor_chestplate":1,"zombie_extreme:mercenary_armor_boots":1,"tac:nato_556_bullet":1,"lesraisinsadd:ntw20":1,"zombie_extreme:night_vision_helmet":2,"tac:ae50":240}},"DataVersion":2586}