{"stats":{"minecraft:dropped":{"tac:ai_awp":1,"tac:nato_556_bullet":1,"lesraisinsadd:ntw20":1,"tac:lapua338":158,"tac:50bmg":187,"tac:ae50":240,"tac:acog_4x_scope":3},"minecraft:killed_by":{"minecraft:player":36},"minecraft:custom":{"minecraft:open_chest":2,"minecraft:time_since_rest":498,"minecraft:play_one_minute":21677,"minecraft:crouch_one_cm":3048,"minecraft:walk_one_cm":119300,"minecraft:sprint_one_cm":72135,"minecraft:damage_taken":43153,"minecraft:deaths":36,"minecraft:sneak_time":464,"minecraft:drop":82,"minecraft:jump":364,"minecraft:time_since_death":469,"minecraft:fly_one_cm":66106,"minecraft:fall_one_cm":2576,"minecraft:player_kills":20},"minecraft:picked_up":{"zombie_extreme:mercenary_armor_leggings":1,"tac:50bmg":427,"zombie_extreme:mercenary_armor_helmet":1,"zombie_extreme:mercenary_armor_chestplate":1,"zombie_extreme:mercenary_armor_boots":1,"tac:nato_556_bullet":1,"lesraisinsadd:ntw20":2,"tac:ai_awp":1,"tac:acog_4x_scope":3,"zombie_extreme:night_vision_helmet":3,"tac:ae50":240,"tac:lapua338":180}},"DataVersion":2586}