{"stats":{"minecraft:mined":{"minecraft:ladder":2},"minecraft:picked_up":{"minecraft:ladder":2},"minecraft:custom":{"minecraft:open_chest":1,"minecraft:time_since_rest":42455,"minecraft:crouch_one_cm":1563,"minecraft:play_one_minute":42455,"minecraft:leave_game":1,"minecraft:sprint_one_cm":5201,"minecraft:walk_on_water_one_cm":140,"minecraft:time_since_death":42455,"minecraft:walk_one_cm":8064,"minecraft:sneak_time":400,"minecraft:climb_one_cm":344,"minecraft:mob_kills":2,"minecraft:fly_one_cm":1471,"minecraft:jump":13},"minecraft:used":{"minecraft:ladder":2}},"DataVersion":2586}