{"stats":{"minecraft:mined":{"minecraft:ladder":2},"minecraft:picked_up":{"minecraft:ladder":2,"minecraft:lever":1},"minecraft:custom":{"minecraft:open_chest":1,"minecraft:time_since_rest":54455,"minecraft:crouch_one_cm":1861,"minecraft:play_one_minute":54455,"minecraft:leave_game":1,"minecraft:sprint_one_cm":9770,"minecraft:walk_on_water_one_cm":140,"minecraft:time_since_death":54455,"minecraft:walk_one_cm":10667,"minecraft:sneak_time":484,"minecraft:climb_one_cm":914,"minecraft:mob_kills":2,"minecraft:fly_one_cm":2836,"minecraft:jump":24},"minecraft:used":{"minecraft:ladder":2}},"DataVersion":2586}