{"stats":{"minecraft:crafted":{"minecraft:oak_planks":24},"minecraft:mined":{"minecraft:grass":1,"minecraft:oak_log":6,"minecraft:oak_leaves":4},"minecraft:picked_up":{"minecraft:oak_log":6,"minecraft:oak_sapling":1},"minecraft:custom":{"minecraft:jump":33,"minecraft:time_since_rest":1769,"minecraft:leave_game":1,"minecraft:crouch_one_cm":1534,"minecraft:play_one_minute":1769,"minecraft:sprint_one_cm":4613,"minecraft:damage_taken":20,"minecraft:time_since_death":1769,"minecraft:walk_one_cm":918,"minecraft:sneak_time":462,"minecraft:fall_one_cm":1111,"minecraft:fly_one_cm":5316}},"DataVersion":2586}