{"stats":{"minecraft:used":{"minecraft:firework_rocket":4,"minecraft:tnt":166,"minecraft:crafting_table":1,"minecraft:furnace":1,"minecraft:stone_pickaxe":57,"minecraft:wooden_pickaxe":10},"minecraft:crafted":{"minecraft:furnace":1,"minecraft:oak_planks":24,"minecraft:shield":1,"minecraft:crafting_table":1,"minecraft:air":0,"minecraft:stick":8,"minecraft:iron_ingot":4,"minecraft:stone_pickaxe":1,"minecraft:wooden_pickaxe":1},"minecraft:mined":{"minecraft:grass":3,"minecraft:grass_block":3,"minecraft:oak_log":6,"minecraft:dirt":8,"minecraft:iron_ore":10,"minecraft:stone":53,"minecraft:oak_leaves":4},"minecraft:picked_up":{"minecraft:wheat_seeds":1,"minecraft:iron_ore":10,"minecraft:oak_log":6,"minecraft:oak_sapling":1,"minecraft:oak_planks":1,"minecraft:dirt":11,"minecraft:cobblestone":53},"minecraft:custom":{"minecraft:time_since_rest":10485,"minecraft:interact_with_furnace":2,"minecraft:play_one_minute":10485,"minecraft:crouch_one_cm":7086,"minecraft:sprint_one_cm":12694,"minecraft:damage_taken":90,"minecraft:walk_one_cm":6899,"minecraft:sneak_time":2198,"minecraft:mob_kills":1,"minecraft:aviate_one_cm":575342,"minecraft:jump":144,"minecraft:leave_game":2,"minecraft:time_since_death":10485,"minecraft:interact_with_crafting_table":6,"minecraft:fall_one_cm":3591,"minecraft:fly_one_cm":38246},"minecraft:killed":{"minecraft:chicken":1}},"DataVersion":2586}