{"stats":{"minecraft:dropped":{"minecraft:ink_sac":2,"minecraft:bone":2,"minecraft:oak_door":2},"minecraft:mined":{"minecraft:ladder":2},"minecraft:picked_up":{"minecraft:oak_door":2,"minecraft:bone":3,"minecraft:ladder":2,"minecraft:rotten_flesh":3,"minecraft:torch":1,"minecraft:lever":1,"minecraft:ink_sac":2,"zombie_extreme:soda":1},"minecraft:custom":{"minecraft:time_since_rest":67443,"minecraft:open_chest":4,"minecraft:play_one_minute":67443,"minecraft:crouch_one_cm":3027,"minecraft:sprint_one_cm":29985,"minecraft:damage_taken":340,"minecraft:walk_one_cm":24816,"minecraft:sneak_time":980,"minecraft:mob_kills":16,"minecraft:drop":3,"minecraft:jump":193,"minecraft:leave_game":2,"minecraft:time_since_death":67443,"minecraft:walk_on_water_one_cm":986,"minecraft:climb_one_cm":914,"minecraft:fall_one_cm":209,"minecraft:fly_one_cm":38777},"minecraft:used":{"minecraft:oak_door":1,"minecraft:lever":1,"minecraft:ladder":2},"minecraft:killed":{"zombie_extreme:soldier_zombie":1,"minecraft:skeleton":1,"zombie_extreme:infectedperson":4,"minecraft:zombie":2,"zombie_extreme:crawler_zombie":2,"minecraft:zombie_villager":2,"zombie_extreme:infected_dog":1}},"DataVersion":2586}