{"stats":{"minecraft:used":{"minecraft:torch":1,"minecraft:cobblestone":14,"minecraft:crafting_table":1,"bunker_down:brittle_pickaxe":21,"minecraft:light_gray_bed":2},"minecraft:mined":{"minecraft:stripped_jungle_wood":2,"minecraft:light_gray_bed":2,"minecraft:cobblestone":3,"minecraft:stone":14,"minecraft:wall_torch":1},"minecraft:crafted":{"minecraft:crafting_table":1,"minecraft:stick":8,"minecraft:jungle_planks":8},"minecraft:broken":{"bunker_down:brittle_pickaxe":1},"minecraft:killed_by":{"zombie_extreme:drawnedzombie":3,"zombie_extreme:soldier_zombie":2,"minecraft:spider":1},"minecraft:custom":{"minecraft:open_chest":2,"minecraft:time_since_rest":1158,"minecraft:play_one_minute":23950,"minecraft:crouch_one_cm":1064,"minecraft:damage_taken":2121,"minecraft:sprint_one_cm":21911,"minecraft:walk_one_cm":20941,"minecraft:deaths":6,"minecraft:sneak_time":9846,"minecraft:walk_under_water_one_cm":6976,"minecraft:jump":82,"minecraft:damage_dealt":118,"minecraft:leave_game":3,"minecraft:time_since_death":562,"minecraft:walk_on_water_one_cm":8172,"minecraft:sleep_in_bed":1,"minecraft:climb_one_cm":5507,"minecraft:swim_one_cm":203,"minecraft:fall_one_cm":2015,"minecraft:fly_one_cm":6021},"minecraft:picked_up":{"bunker_down:brittle_pickaxe":2,"minecraft:bone":2,"minecraft:light_gray_bed":2,"bunker_down:underroot_stage_1":4,"minecraft:torch":1,"minecraft:poisonous_potato":6,"minecraft:potato":6,"minecraft:stripped_jungle_wood":2,"minecraft:cobweb":8,"minecraft:cobblestone":26}},"DataVersion":2586}