{"stats":{"minecraft:used":{"minecraft:torch":1,"minecraft:sand":1,"minecraft:crafting_table":1,"bunker_down:brittle_pickaxe":21,"minecraft:warped_planks":28,"minecraft:cyan_carpet":1,"minecraft:cobblestone":14,"minecraft:acacia_planks":16,"minecraft:light_gray_bed":3},"minecraft:mined":{"minecraft:stripped_jungle_wood":4,"minecraft:chest":1,"minecraft:light_gray_bed":4,"minecraft:cobblestone":3,"minecraft:stripped_warped_hyphae":7,"minecraft:wall_torch":1,"minecraft:sand":1,"minecraft:stripped_acacia_wood":4,"minecraft:stone":14},"minecraft:dropped":{"zombie_extreme:spec_ops_suit_boots":1,"lesraisinsadd:crossbow":1,"tac:m82a2":1,"zombie_extreme:gas_armor_helmet":1,"tac:acog_4x_scope":2,"pretaccraft:combat_armor_helmet":1,"zombie_extreme:gas_armor_boots":1,"tac:ai_awp":3,"tac:scar_l":2,"antiqueatlas:antique_atlas":1,"lesraisinsadd:ntw20":1,"zombie_extreme:gas_armor_chestplate":1,"tac:lapua338":527,"tac:nato_556_bullet":351,"zombie_extreme:night_vision_helmet":4,"lesraisinsadd:crossbow_arrow":329,"minecraft:light_gray_bed":1,"tac:ae50":120,"minecraft:chest":1,"zombie_extreme:gas_armor_leggings":1,"tac:50bmg":190,"minecraft:cyan_carpet":7},"minecraft:crafted":{"minecraft:crafting_table":1,"minecraft:jungle_planks":16,"minecraft:warped_planks":28,"minecraft:stick":8,"minecraft:acacia_planks":16},"minecraft:broken":{"zombie_extreme:night_vision_helmet":1,"bunker_down:brittle_pickaxe":1},"minecraft:killed_by":{"minecraft:player":66,"minecraft:spider":1,"zombie_extreme:soldier_zombie":2,"zombie_extreme:drawnedzombie":3},"minecraft:custom":{"minecraft:play_one_minute":89460,"minecraft:leave_game":4,"minecraft:time_since_death":1603,"minecraft:sleep_in_bed":1,"minecraft:climb_one_cm":5507,"minecraft:time_since_rest":1630,"minecraft:sprint_one_cm":321108,"minecraft:walk_one_cm":200115,"minecraft:damage_taken":48138,"minecraft:drop":71,"minecraft:damage_dealt":568,"minecraft:swim_one_cm":1754,"minecraft:fly_one_cm":172295,"minecraft:player_kills":67,"minecraft:open_chest":6,"minecraft:crouch_one_cm":23290,"minecraft:deaths":77,"minecraft:sneak_time":18632,"minecraft:walk_under_water_one_cm":11845,"minecraft:jump":1207,"minecraft:walk_on_water_one_cm":9925,"minecraft:fall_one_cm":24698},"minecraft:picked_up":{"bunker_down:brittle_pickaxe":2,"minecraft:stripped_warped_hyphae":7,"tac:scar_l":2,"tac:10_gauge_round":612,"minecraft:potato":6,"tac:acog_4x_scope":3,"lesraisinsadd:crossbow":1,"antiqueatlas:antique_atlas":2,"tac:lapua338":646,"minecraft:bone":2,"minecraft:cyan_carpet":8,"tac:nato_556_bullet":719,"pretaccraft:combat_armor_chestplate":1,"lesraisinsadd:ntw20":1,"zombie_extreme:spec_ops_suit_leggings":1,"minecraft:cobweb":8,"pretaccraft:combat_armor_helmet":2,"zombie_extreme:spec_ops_suit_boots":1,"zombie_extreme:night_vision_helmet":5,"minecraft:chest":1,"zombie_extreme:gas_armor_boots":1,"tac:ae50":120,"tac:m870_classic":1,"tac:50bmg":247,"bunker_down:underroot_stage_1":4,"minecraft:torch":1,"minecraft:poisonous_potato":6,"minecraft:stripped_acacia_wood":4,"minecraft:sand":1,"pretaccraft:combat_armor_boots":1,"zombie_extreme:gas_armor_helmet":1,"minecraft:light_gray_bed":4,"tac:flash_grenade":3,"tac:m82a2":1,"zombie_extreme:gas_armor_leggings":1,"minecraft:stripped_jungle_wood":4,"zombie_extreme:gas_armor_chestplate":1,"tac:ai_awp":3,"lesraisinsadd:crossbow_arrow":360,"pretaccraft:combat_armor_leggings":1,"minecraft:cobblestone":26}},"DataVersion":2586}