{"stats":{"minecraft:used":{"minecraft:torch":1,"minecraft:sand":1,"minecraft:crafting_table":1,"bunker_down:brittle_pickaxe":21,"minecraft:warped_planks":28,"minecraft:cyan_carpet":1,"minecraft:cobblestone":14,"minecraft:acacia_planks":16,"minecraft:light_gray_bed":3},"minecraft:mined":{"minecraft:stripped_jungle_wood":4,"minecraft:chest":1,"minecraft:light_gray_bed":4,"minecraft:cobblestone":3,"minecraft:stripped_warped_hyphae":7,"minecraft:wall_torch":1,"minecraft:sand":1,"minecraft:stripped_acacia_wood":4,"minecraft:stone":14},"minecraft:dropped":{"zombie_extreme:spec_ops_suit_boots":1,"lesraisinsadd:crossbow":1,"tac:m82a2":1,"zombie_extreme:gas_armor_helmet":1,"tac:acog_4x_scope":2,"pretaccraft:combat_armor_helmet":1,"zombie_extreme:gas_armor_boots":1,"tac:ai_awp":3,"tac:scar_l":2,"minecraft:jungle_planks":16,"antiqueatlas:antique_atlas":2,"lesraisinsadd:ntw20":1,"zombie_extreme:gas_armor_chestplate":1,"tac:lapua338":527,"tac:nato_556_bullet":351,"zombie_extreme:night_vision_helmet":4,"lesraisinsadd:crossbow_arrow":329,"minecraft:light_gray_bed":1,"tac:ae50":120,"minecraft:chest":1,"tac:9mm_round":120,"tac:skin_dark_blue":3,"zombie_extreme:gas_armor_leggings":1,"tac:50bmg":190,"minecraft:cyan_carpet":7},"minecraft:crafted":{"minecraft:crafting_table":1,"minecraft:jungle_planks":16,"minecraft:warped_planks":28,"minecraft:stick":8,"minecraft:acacia_planks":16},"minecraft:broken":{"zombie_extreme:night_vision_helmet":1,"bunker_down:brittle_pickaxe":1},"minecraft:killed_by":{"zombie_extreme:zombie_brute":1,"minecraft:player":75,"minecraft:spider":1,"zombie_extreme:soldier_zombie":2,"zombie_extreme:drawnedzombie":3},"minecraft:custom":{"minecraft:mob_kills":3,"minecraft:play_one_minute":101462,"minecraft:leave_game":5,"minecraft:time_since_death":42,"minecraft:sleep_in_bed":1,"minecraft:climb_one_cm":5507,"minecraft:time_since_rest":70,"minecraft:sprint_one_cm":366983,"minecraft:damage_taken":52680,"minecraft:walk_one_cm":222041,"minecraft:drop":79,"minecraft:damage_dealt":696,"minecraft:swim_one_cm":1754,"minecraft:fly_one_cm":197080,"minecraft:player_kills":71,"minecraft:open_chest":6,"minecraft:crouch_one_cm":26037,"minecraft:deaths":87,"minecraft:sneak_time":19536,"minecraft:walk_under_water_one_cm":11845,"minecraft:jump":1347,"minecraft:walk_on_water_one_cm":9925,"minecraft:fall_one_cm":25176},"minecraft:killed":{"minecraft:spider":1,"zombie_extreme:crawler_zombie":1,"zombie_extreme:rat_king":1},"minecraft:picked_up":{"minecraft:stripped_warped_hyphae":7,"bunker_down:brittle_pickaxe":2,"tac:scar_l":2,"tac:10_gauge_round":612,"minecraft:potato":6,"tac:acog_4x_scope":3,"tac:skin_dark_blue":3,"minecraft:string":2,"lesraisinsadd:crossbow":1,"antiqueatlas:antique_atlas":2,"tac:lapua338":646,"minecraft:bone":2,"minecraft:cyan_carpet":8,"tac:nato_556_bullet":719,"pretaccraft:combat_armor_chestplate":1,"lesraisinsadd:ntw20":1,"zombie_extreme:spec_ops_suit_leggings":1,"minecraft:cobweb":8,"pretaccraft:combat_armor_helmet":2,"tac:9mm_round":1152,"zombie_extreme:spec_ops_suit_boots":1,"zombie_extreme:night_vision_helmet":5,"minecraft:chest":1,"zombie_extreme:gas_armor_boots":1,"tac:ae50":120,"tac:m870_classic":1,"lesraisinsadd:origin_bullet":60,"tac:50bmg":247,"bunker_down:underroot_stage_1":4,"minecraft:torch":1,"minecraft:stripped_acacia_wood":4,"minecraft:poisonous_potato":6,"minecraft:sand":1,"minecraft:jungle_planks":8,"tac:micro_uzi":1,"pretaccraft:combat_armor_boots":1,"zombie_extreme:gas_armor_helmet":1,"skbackpacks:backpack":1,"minecraft:light_gray_bed":4,"minecraft:rotten_flesh":1,"tac:flash_grenade":3,"tac:m82a2":1,"zombie_extreme:gas_armor_leggings":1,"minecraft:stripped_jungle_wood":4,"zombie_extreme:gas_armor_chestplate":1,"tac:ai_awp":3,"lesraisinsadd:crossbow_arrow":360,"pretaccraft:combat_armor_leggings":1,"minecraft:cobblestone":26}},"DataVersion":2586}