{"stats":{"minecraft:used":{"minecraft:torch":1,"minecraft:sand":1,"minecraft:cobblestone":14,"minecraft:crafting_table":1,"bunker_down:brittle_pickaxe":21,"minecraft:acacia_planks":15,"minecraft:warped_planks":28,"minecraft:light_gray_bed":3},"minecraft:mined":{"minecraft:chest":1,"minecraft:stripped_jungle_wood":2,"minecraft:light_gray_bed":4,"minecraft:sand":1,"minecraft:cobblestone":3,"minecraft:stripped_acacia_wood":4,"minecraft:stripped_warped_hyphae":7,"minecraft:stone":14,"minecraft:wall_torch":1},"minecraft:dropped":{"minecraft:chest":1,"tac:scar_l":1},"minecraft:crafted":{"minecraft:warped_planks":28,"minecraft:crafting_table":1,"minecraft:stick":8,"minecraft:acacia_planks":16,"minecraft:jungle_planks":8},"minecraft:broken":{"bunker_down:brittle_pickaxe":1},"minecraft:killed_by":{"zombie_extreme:soldier_zombie":2,"minecraft:player":17,"zombie_extreme:drawnedzombie":3,"minecraft:spider":1},"minecraft:custom":{"minecraft:time_since_rest":165,"minecraft:sprint_one_cm":120709,"minecraft:damage_taken":8339,"minecraft:walk_one_cm":77332,"minecraft:drop":2,"minecraft:damage_dealt":118,"minecraft:swim_one_cm":1754,"minecraft:fly_one_cm":55643,"minecraft:player_kills":12,"minecraft:open_chest":6,"minecraft:crouch_one_cm":18443,"minecraft:play_one_minute":48681,"minecraft:deaths":25,"minecraft:sneak_time":15828,"minecraft:walk_under_water_one_cm":11845,"minecraft:jump":474,"minecraft:leave_game":4,"minecraft:walk_on_water_one_cm":9517,"minecraft:time_since_death":0,"minecraft:sleep_in_bed":1,"minecraft:climb_one_cm":5507,"minecraft:fall_one_cm":12330},"minecraft:picked_up":{"bunker_down:brittle_pickaxe":2,"minecraft:stripped_warped_hyphae":7,"tac:scar_l":2,"bunker_down:underroot_stage_1":4,"minecraft:torch":1,"minecraft:stripped_acacia_wood":4,"minecraft:poisonous_potato":6,"minecraft:potato":6,"minecraft:sand":1,"zombie_extreme:gas_armor_helmet":1,"minecraft:cyan_carpet":1,"minecraft:bone":2,"minecraft:light_gray_bed":4,"tac:flash_grenade":3,"zombie_extreme:gas_armor_leggings":1,"tac:nato_556_bullet":719,"minecraft:stripped_jungle_wood":2,"zombie_extreme:gas_armor_chestplate":1,"minecraft:cobweb":8,"minecraft:chest":1,"zombie_extreme:gas_armor_boots":1,"minecraft:cobblestone":26}},"DataVersion":2586}