{"stats":{"minecraft:used":{"minecraft:cobblestone":14,"minecraft:crafting_table":1,"bunker_down:brittle_pickaxe":21,"minecraft:light_gray_bed":1},"minecraft:mined":{"minecraft:stripped_jungle_wood":2,"minecraft:light_gray_bed":1,"minecraft:cobblestone":3,"minecraft:stone":14},"minecraft:crafted":{"minecraft:crafting_table":1,"minecraft:stick":8,"minecraft:jungle_planks":8},"minecraft:broken":{"bunker_down:brittle_pickaxe":1},"minecraft:killed_by":{"zombie_extreme:drawnedzombie":2,"zombie_extreme:soldier_zombie":2,"minecraft:spider":1},"minecraft:custom":{"minecraft:open_chest":2,"minecraft:time_since_rest":2958,"minecraft:play_one_minute":11667,"minecraft:crouch_one_cm":650,"minecraft:damage_taken":2001,"minecraft:sprint_one_cm":18942,"minecraft:walk_one_cm":14502,"minecraft:deaths":5,"minecraft:sneak_time":1694,"minecraft:walk_under_water_one_cm":6841,"minecraft:jump":66,"minecraft:damage_dealt":118,"minecraft:leave_game":1,"minecraft:time_since_death":2931,"minecraft:walk_on_water_one_cm":8107,"minecraft:sleep_in_bed":1,"minecraft:climb_one_cm":3299,"minecraft:swim_one_cm":203,"minecraft:fall_one_cm":1593,"minecraft:fly_one_cm":5833},"minecraft:picked_up":{"bunker_down:brittle_pickaxe":2,"minecraft:bone":2,"minecraft:light_gray_bed":1,"bunker_down:underroot_stage_1":4,"minecraft:poisonous_potato":6,"minecraft:potato":6,"minecraft:stripped_jungle_wood":2,"minecraft:cobweb":8,"minecraft:cobblestone":26}},"DataVersion":2586}