{"stats":{"minecraft:used":{"minecraft:cyan_carpet":1,"minecraft:torch":1,"minecraft:sand":1,"minecraft:cobblestone":14,"minecraft:crafting_table":1,"bunker_down:brittle_pickaxe":21,"minecraft:acacia_planks":16,"minecraft:warped_planks":28,"minecraft:light_gray_bed":3},"minecraft:mined":{"minecraft:stripped_jungle_wood":4,"minecraft:chest":1,"minecraft:sand":1,"minecraft:light_gray_bed":4,"minecraft:cobblestone":3,"minecraft:stripped_warped_hyphae":7,"minecraft:stripped_acacia_wood":4,"minecraft:stone":14,"minecraft:wall_torch":1},"minecraft:dropped":{"tac:nato_556_bullet":1,"zombie_extreme:night_vision_helmet":3,"tac:acog_4x_scope":2,"tac:ae50":120,"minecraft:chest":1,"tac:ai_awp":1,"tac:scar_l":2,"lesraisinsadd:ntw20":1,"tac:lapua338":300,"minecraft:cyan_carpet":7,"tac:50bmg":190},"minecraft:crafted":{"minecraft:warped_planks":28,"minecraft:crafting_table":1,"minecraft:stick":8,"minecraft:acacia_planks":16,"minecraft:jungle_planks":16},"minecraft:broken":{"bunker_down:brittle_pickaxe":1},"minecraft:killed_by":{"zombie_extreme:soldier_zombie":2,"minecraft:player":45,"zombie_extreme:drawnedzombie":3,"minecraft:spider":1},"minecraft:custom":{"minecraft:time_since_rest":687,"minecraft:sprint_one_cm":212991,"minecraft:damage_taken":34269,"minecraft:walk_one_cm":141384,"minecraft:drop":37,"minecraft:damage_dealt":311,"minecraft:swim_one_cm":1754,"minecraft:fly_one_cm":101485,"minecraft:player_kills":40,"minecraft:open_chest":6,"minecraft:play_one_minute":71460,"minecraft:crouch_one_cm":22034,"minecraft:sneak_time":18188,"minecraft:deaths":55,"minecraft:walk_under_water_one_cm":11845,"minecraft:jump":864,"minecraft:leave_game":4,"minecraft:time_since_death":659,"minecraft:walk_on_water_one_cm":9925,"minecraft:sleep_in_bed":1,"minecraft:climb_one_cm":5507,"minecraft:fall_one_cm":22058},"minecraft:picked_up":{"tac:50bmg":247,"bunker_down:brittle_pickaxe":2,"minecraft:stripped_warped_hyphae":7,"tac:scar_l":2,"bunker_down:underroot_stage_1":4,"minecraft:torch":1,"minecraft:stripped_acacia_wood":4,"minecraft:poisonous_potato":6,"minecraft:potato":6,"minecraft:sand":1,"tac:acog_4x_scope":3,"tac:lapua338":578,"zombie_extreme:gas_armor_helmet":1,"minecraft:bone":2,"minecraft:cyan_carpet":8,"minecraft:light_gray_bed":4,"tac:flash_grenade":3,"tac:nato_556_bullet":719,"zombie_extreme:gas_armor_leggings":1,"minecraft:stripped_jungle_wood":4,"lesraisinsadd:ntw20":1,"tac:ai_awp":2,"minecraft:cobweb":8,"zombie_extreme:gas_armor_chestplate":1,"zombie_extreme:night_vision_helmet":5,"tac:ae50":120,"minecraft:chest":1,"zombie_extreme:gas_armor_boots":1,"minecraft:cobblestone":26}},"DataVersion":2586}