{"stats":{"minecraft:used":{"minecraft:torch":1,"minecraft:sand":1,"minecraft:cobblestone":14,"minecraft:crafting_table":1,"bunker_down:brittle_pickaxe":21,"minecraft:light_gray_bed":2},"minecraft:mined":{"minecraft:chest":1,"minecraft:stripped_jungle_wood":2,"minecraft:light_gray_bed":2,"minecraft:sand":1,"minecraft:cobblestone":3,"minecraft:stone":14,"minecraft:wall_torch":1},"minecraft:dropped":{"minecraft:chest":1,"tac:scar_l":1},"minecraft:crafted":{"minecraft:crafting_table":1,"minecraft:stick":8,"minecraft:jungle_planks":8},"minecraft:broken":{"bunker_down:brittle_pickaxe":1},"minecraft:killed_by":{"zombie_extreme:soldier_zombie":2,"minecraft:player":3,"zombie_extreme:drawnedzombie":3,"minecraft:spider":1},"minecraft:custom":{"minecraft:time_since_rest":901,"minecraft:sprint_one_cm":63570,"minecraft:damage_taken":4603,"minecraft:walk_one_cm":50961,"minecraft:drop":2,"minecraft:damage_dealt":118,"minecraft:swim_one_cm":1471,"minecraft:fly_one_cm":41967,"minecraft:open_chest":6,"minecraft:crouch_one_cm":3660,"minecraft:play_one_minute":35458,"minecraft:deaths":11,"minecraft:sneak_time":10581,"minecraft:walk_under_water_one_cm":7739,"minecraft:jump":297,"minecraft:leave_game":3,"minecraft:walk_on_water_one_cm":8668,"minecraft:time_since_death":859,"minecraft:sleep_in_bed":1,"minecraft:climb_one_cm":5507,"minecraft:fall_one_cm":9651},"minecraft:picked_up":{"bunker_down:brittle_pickaxe":2,"tac:scar_l":2,"bunker_down:underroot_stage_1":4,"minecraft:torch":1,"minecraft:poisonous_potato":6,"minecraft:potato":6,"minecraft:sand":1,"zombie_extreme:gas_armor_helmet":1,"minecraft:bone":2,"minecraft:light_gray_bed":2,"tac:flash_grenade":3,"zombie_extreme:gas_armor_leggings":1,"tac:nato_556_bullet":719,"minecraft:stripped_jungle_wood":2,"zombie_extreme:gas_armor_chestplate":1,"minecraft:cobweb":8,"minecraft:chest":1,"zombie_extreme:gas_armor_boots":1,"minecraft:cobblestone":26}},"DataVersion":2586}