{"stats":{"minecraft:used":{"minecraft:torch":1,"minecraft:sand":1,"bunker_down:brittle_pickaxe":21,"minecraft:crafting_table":1,"minecraft:warped_planks":28,"minecraft:cyan_carpet":1,"minecraft:cobblestone":14,"minecraft:acacia_planks":16,"minecraft:light_gray_bed":3},"minecraft:mined":{"minecraft:stripped_jungle_wood":4,"minecraft:chest":1,"minecraft:light_gray_bed":4,"minecraft:cobblestone":3,"minecraft:stripped_warped_hyphae":7,"minecraft:wall_torch":1,"minecraft:sand":1,"minecraft:stripped_acacia_wood":4,"minecraft:stone":14},"minecraft:dropped":{"minecraft:iron_ingot":1,"zombie_extreme:spec_ops_suit_boots":1,"lesraisinsadd:crossbow":1,"tac:m82a2":1,"tac:m870_classic":1,"zombie_extreme:gas_armor_helmet":1,"tac:micro_uzi":1,"tac:acog_4x_scope":2,"minecraft:chicken":1,"minecraft:feather":2,"pretaccraft:combat_armor_helmet":1,"zombie_extreme:gas_armor_boots":1,"tac:scar_l":2,"tac:ai_awp":3,"minecraft:jungle_planks":16,"antiqueatlas:antique_atlas":2,"lesraisinsadd:ntw20":1,"minecraft:carrot":1,"zombie_extreme:gas_armor_chestplate":1,"tac:lapua338":527,"tac:nato_556_bullet":651,"minecraft:potato":1,"minecraft:smooth_red_sandstone":2,"zombie_extreme:night_vision_helmet":4,"lesraisinsadd:crossbow_arrow":329,"minecraft:light_gray_bed":1,"tac:ae50":120,"minecraft:chest":1,"minecraft:spider_eye":1,"tac:10_gauge_round":77,"zombie_extreme:blackbar":1,"tac:9mm_round":120,"minecraft:string":5,"tac:skin_dark_blue":3,"minecraft:polished_granite":1,"zombie_extreme:gas_armor_leggings":1,"tac:50bmg":190,"minecraft:cyan_carpet":7,"minecraft:bone":2},"minecraft:crafted":{"minecraft:crafting_table":1,"minecraft:jungle_planks":16,"minecraft:warped_planks":28,"minecraft:stick":8,"minecraft:acacia_planks":16},"minecraft:broken":{"pretaccraft:combat_armor_leggings":1,"zombie_extreme:night_vision_helmet":1,"bunker_down:brittle_pickaxe":1,"pretaccraft:combat_armor_boots":1,"pretaccraft:combat_armor_chestplate":1,"pretaccraft:combat_armor_helmet":1},"minecraft:killed_by":{"zombie_extreme:clicker_zombie":1,"zombie_extreme:zombie_brute":7,"minecraft:player":121,"zombie_extreme:demolisher":3,"minecraft:spider":4,"minecraft:zombie":8,"zombie_extreme:rat_king":5,"zombie_extreme:infected_hazmat":1,"zombie_extreme:bombsuitzombie":1,"zombie_extreme:soldier_zombie":2,"zombie_extreme:wastland_spider":1,"zombie_extreme:drawnedzombie":3,"zombie_extreme:fast_zombie_v_2":3,"zombie_extreme:crawler_zombie":2},"minecraft:custom":{"minecraft:mob_kills":36,"minecraft:play_one_minute":133003,"minecraft:damage_dealt_resisted":64,"minecraft:leave_game":9,"minecraft:time_since_death":30,"minecraft:sleep_in_bed":1,"minecraft:climb_one_cm":5507,"minecraft:time_since_rest":59,"minecraft:damage_taken":87201,"minecraft:walk_one_cm":315905,"minecraft:sprint_one_cm":478413,"minecraft:drop":107,"minecraft:damage_dealt":927,"minecraft:swim_one_cm":1754,"minecraft:fly_one_cm":257934,"minecraft:player_kills":109,"minecraft:open_chest":6,"minecraft:crouch_one_cm":31757,"minecraft:sneak_time":22283,"minecraft:deaths":168,"minecraft:walk_under_water_one_cm":11845,"minecraft:jump":1612,"minecraft:walk_on_water_one_cm":9925,"minecraft:fall_one_cm":56800},"minecraft:killed":{"zombie_extreme:bombsuitzombie":1,"minecraft:parrot":2,"zombie_extreme:wastland_spider":1,"minecraft:spider":2,"zombie_extreme:zombie_brute":2,"zombie_extreme:explosive_zombie":1,"minecraft:creeper":1,"zombie_extreme:radioactive_zombie":2,"zombie_extreme:policezombie":2,"minecraft:zombie":13,"zombie_extreme:crawler_zombie":5,"zombie_extreme:infected_dog":1,"zombie_extreme:parasite":1,"zombie_extreme:fast_zombie_v_2":1,"zombie_extreme:boomerzombie":2,"zombie_extreme:rat_king":1},"minecraft:picked_up":{"minecraft:chicken":1,"minecraft:feather":2,"minecraft:stripped_warped_hyphae":7,"bunker_down:brittle_pickaxe":2,"minecraft:smooth_red_sandstone":2,"tac:scar_l":2,"tac:10_gauge_round":648,"minecraft:potato":7,"lesraisinsadd:the_last_word":1,"tac:acog_4x_scope":3,"tac:skin_dark_blue":3,"lesraisinsadd:crossbow":1,"minecraft:string":7,"tac:lapua338":646,"antiqueatlas:antique_atlas":2,"minecraft:polished_granite":2,"tac:bullet_308":180,"minecraft:acacia_planks":1,"minecraft:bone":5,"minecraft:cyan_carpet":8,"minecraft:birch_wood":2,"pretaccraft:combat_armor_chestplate":1,"tac:nato_556_bullet":1139,"minecraft:iron_ingot":3,"lesraisinsadd:ntw20":1,"zombie_extreme:spec_ops_suit_leggings":1,"minecraft:cobweb":8,"tac:9mm_round":1152,"pretaccraft:combat_armor_helmet":2,"zombie_extreme:spec_ops_suit_boots":1,"zombie_extreme:night_vision_helmet":5,"minecraft:chest":1,"zombie_extreme:gas_armor_boots":1,"tac:ae50":360,"tac:m870_classic":2,"minecraft:golden_helmet":1,"lesraisinsadd:origin_bullet":60,"tac:50bmg":247,"zombie_extreme:j_armor_helmet":1,"bunker_down:underroot_stage_1":4,"minecraft:torch":1,"minecraft:poisonous_potato":6,"minecraft:stripped_acacia_wood":4,"minecraft:sand":1,"minecraft:jungle_planks":8,"zombie_extreme:murku_force_suit_boots":1,"minecraft:carrot":1,"tac:micro_uzi":2,"minecraft:spider_eye":2,"pretaccraft:combat_armor_boots":1,"zombie_extreme:gas_armor_helmet":1,"minecraft:quartz_block":1,"tac:m249":1,"minecraft:light_gray_bed":4,"skbackpacks:backpack":1,"zombie_extreme:blackbar":2,"minecraft:rotten_flesh":117,"minecraft:diamond":1,"tac:flash_grenade":3,"tac:m82a2":1,"zombie_extreme:gas_armor_leggings":1,"minecraft:stripped_jungle_wood":4,"minecraft:sandstone_stairs":1,"zombie_extreme:gas_armor_chestplate":1,"tac:ai_awp":3,"lesraisinsadd:crossbow_arrow":360,"pretaccraft:combat_armor_leggings":1,"minecraft:cobblestone":26}},"DataVersion":2586}