{"stats":{"minecraft:used":{"minecraft:cyan_carpet":1,"minecraft:torch":1,"minecraft:sand":1,"minecraft:cobblestone":14,"minecraft:crafting_table":1,"bunker_down:brittle_pickaxe":21,"minecraft:acacia_planks":16,"minecraft:warped_planks":28,"minecraft:light_gray_bed":3},"minecraft:mined":{"minecraft:stripped_jungle_wood":4,"minecraft:chest":1,"minecraft:sand":1,"minecraft:light_gray_bed":4,"minecraft:cobblestone":3,"minecraft:stripped_warped_hyphae":7,"minecraft:stripped_acacia_wood":4,"minecraft:stone":14,"minecraft:wall_torch":1},"minecraft:dropped":{"tac:nato_556_bullet":1,"zombie_extreme:night_vision_helmet":3,"tac:ae50":120,"minecraft:chest":1,"tac:scar_l":2,"minecraft:cyan_carpet":2,"tac:50bmg":60},"minecraft:crafted":{"minecraft:warped_planks":28,"minecraft:crafting_table":1,"minecraft:stick":8,"minecraft:acacia_planks":16,"minecraft:jungle_planks":16},"minecraft:broken":{"bunker_down:brittle_pickaxe":1},"minecraft:killed_by":{"zombie_extreme:soldier_zombie":2,"minecraft:player":30,"zombie_extreme:drawnedzombie":3,"minecraft:spider":1},"minecraft:custom":{"minecraft:time_since_rest":615,"minecraft:sprint_one_cm":153817,"minecraft:damage_taken":15907,"minecraft:walk_one_cm":109240,"minecraft:drop":13,"minecraft:damage_dealt":311,"minecraft:swim_one_cm":1754,"minecraft:fly_one_cm":71259,"minecraft:player_kills":19,"minecraft:open_chest":6,"minecraft:play_one_minute":59460,"minecraft:crouch_one_cm":19764,"minecraft:sneak_time":16384,"minecraft:deaths":38,"minecraft:walk_under_water_one_cm":11845,"minecraft:jump":648,"minecraft:leave_game":4,"minecraft:time_since_death":588,"minecraft:walk_on_water_one_cm":9517,"minecraft:sleep_in_bed":1,"minecraft:climb_one_cm":5507,"minecraft:fall_one_cm":16196},"minecraft:picked_up":{"tac:50bmg":60,"bunker_down:brittle_pickaxe":2,"minecraft:stripped_warped_hyphae":7,"tac:scar_l":2,"bunker_down:underroot_stage_1":4,"minecraft:torch":1,"minecraft:stripped_acacia_wood":4,"minecraft:poisonous_potato":6,"minecraft:potato":6,"minecraft:sand":1,"tac:acog_4x_scope":1,"tac:lapua338":300,"zombie_extreme:gas_armor_helmet":1,"minecraft:bone":2,"minecraft:cyan_carpet":3,"minecraft:light_gray_bed":4,"tac:flash_grenade":3,"tac:nato_556_bullet":719,"zombie_extreme:gas_armor_leggings":1,"minecraft:stripped_jungle_wood":4,"tac:ai_awp":1,"minecraft:cobweb":8,"zombie_extreme:gas_armor_chestplate":1,"zombie_extreme:night_vision_helmet":5,"tac:ae50":120,"minecraft:chest":1,"zombie_extreme:gas_armor_boots":1,"minecraft:cobblestone":26}},"DataVersion":2586}