{"stats":{"minecraft:used":{"minecraft:chest":1},"minecraft:dropped":{"tac:nato_556_bullet":119,"zombie_extreme:spec_ops_suit_boots":1,"tac:m82a2":1,"zombie_extreme:spec_ops_suit_chestplate":1,"tac:scar_l":1,"antiqueatlas:antique_atlas":1,"lesraisinsadd:dvl10":1,"lesraisinsadd:m993":738,"tac:762x39":105,"tac:ak47":1,"tac:flash_grenade":3,"tac:50bmg":355,"minecraft:cyan_carpet":1,"zombie_extreme:spec_ops_suit_leggings":1},"minecraft:broken":{"zombie_extreme:night_vision_helmet":2},"minecraft:killed_by":{"minecraft:player":98},"minecraft:custom":{"minecraft:time_since_rest":5751,"minecraft:sprint_one_cm":194036,"minecraft:damage_taken":94856,"minecraft:walk_one_cm":224986,"minecraft:drop":39,"minecraft:damage_dealt":2717,"minecraft:fly_one_cm":194070,"minecraft:player_kills":90,"minecraft:open_chest":3,"minecraft:crouch_one_cm":18761,"minecraft:play_one_minute":60058,"minecraft:deaths":99,"minecraft:sneak_time":4412,"minecraft:jump":1028,"minecraft:leave_game":3,"minecraft:time_since_death":5726,"minecraft:fall_one_cm":14951},"minecraft:picked_up":{"tac:50bmg":420,"tac:scar_l":1,"tac:10_gauge_round":288,"tac:aa_12":1,"antiqueatlas:antique_atlas":1,"pretaccraft:combat_armor_boots":1,"minecraft:cyan_carpet":1,"lesraisinsadd:dvl10":1,"tac:flash_grenade":4,"tac:m82a2":1,"lesraisinsadd:m993":880,"tac:nato_556_bullet":119,"pretaccraft:combat_armor_chestplate":1,"pretaccraft:combat_armor_helmet":1,"minecraft:chest":1,"zombie_extreme:night_vision_helmet":2,"pretaccraft:combat_armor_leggings":1}},"DataVersion":2586}