{"stats":{"minecraft:used":{"minecraft:chest":1},"minecraft:dropped":{"minecraft:iron_ingot":1,"zombie_extreme:spec_ops_suit_boots":1,"tac:m82a2":1,"zombie_extreme:spec_ops_suit_chestplate":1,"tac:m870_classic":1,"minecraft:poisonous_potato":4,"minecraft:rotten_flesh":106,"tac:scar_l":1,"minecraft:jungle_planks":8,"antiqueatlas:antique_atlas":3,"tac:762x39":105,"tac:flash_grenade":3,"zombie_extreme:spec_ops_suit_leggings":1,"lesraisinsadd:the_last_word":2,"tac:nato_556_bullet":119,"minecraft:potato":1,"minecraft:spider_eye":1,"tac:10_gauge_round":72,"zombie_extreme:blackbar":1,"lesraisinsadd:dvl10":1,"zombie_extreme:copper_ignot":2,"lesraisinsadd:m993":738,"zombie_extreme:soda":1,"tac:ak47":1,"tac:skin_dark_blue":1,"minecraft:polished_granite":1,"tac:50bmg":355,"minecraft:cyan_carpet":1,"minecraft:bone":1},"minecraft:broken":{"zombie_extreme:night_vision_helmet":2,"pretaccraft:combat_armor_boots":1,"pretaccraft:combat_armor_chestplate":1},"minecraft:killed_by":{"zombie_extreme:zombie_brute":1,"minecraft:player":112,"zombie_extreme:night_hunter":1,"zombie_extreme:explosive_zombie":1,"zombie_extreme:parasite":1,"minecraft:spider":1,"minecraft:zombie":11,"zombie_extreme:rat_king":3},"minecraft:custom":{"minecraft:mob_kills":150,"minecraft:play_one_minute":94021,"minecraft:damage_dealt_resisted":14,"minecraft:leave_game":5,"minecraft:time_since_death":117,"minecraft:time_since_rest":183,"minecraft:sprint_one_cm":249043,"minecraft:damage_taken":110114,"minecraft:walk_one_cm":377371,"minecraft:drop":70,"minecraft:damage_dealt":2733,"minecraft:fly_one_cm":232621,"minecraft:player_kills":110,"minecraft:open_chest":3,"minecraft:crouch_one_cm":19008,"minecraft:deaths":132,"minecraft:sneak_time":4488,"minecraft:jump":1441,"minecraft:fall_one_cm":19628},"minecraft:killed":{"minecraft:parrot":17,"zombie_extreme:militarysoldier":2,"zombie_extreme:murku_force_unit":1,"minecraft:spider":2,"zombie_extreme:infectedperson":1,"zombie_extreme:zombie_brute":9,"minecraft:creeper":2,"zombie_extreme:drawnedzombie":1,"zombie_extreme:radioactive_zombie":2,"minecraft:skeleton":2,"minecraft:zombie":94,"zombie_extreme:crawler_zombie":6,"minecraft:chicken":1,"zombie_extreme:clicker_zombie":4,"zombie_extreme:poisonous_zombie":1,"zombie_extreme:parasite":1,"zombie_extreme:rat_king":1,"zombie_extreme:infected_spec_ops_soldier":1},"minecraft:picked_up":{"tac:scar_l":1,"tac:10_gauge_round":425,"minecraft:potato":1,"lesraisinsadd:the_last_word":3,"tac:aa_12":1,"tac:skin_dark_blue":1,"antiqueatlas:antique_atlas":3,"minecraft:polished_granite":1,"minecraft:bone":1,"minecraft:cyan_carpet":1,"tac:nato_556_bullet":773,"minecraft:iron_ingot":1,"pretaccraft:combat_armor_chestplate":1,"pretaccraft:combat_armor_helmet":1,"zombie_extreme:copper_ignot":2,"zombie_extreme:night_vision_helmet":2,"minecraft:chest":1,"tac:ae50":1020,"tac:m870_classic":1,"tac:50bmg":420,"minecraft:poisonous_potato":4,"minecraft:jungle_planks":8,"minecraft:spider_eye":1,"pretaccraft:combat_armor_boots":1,"zombie_extreme:soda":1,"zombie_extreme:blackbar":1,"skbackpacks:backpack":1,"minecraft:rotten_flesh":106,"lesraisinsadd:dvl10":1,"tac:flash_grenade":4,"tac:m249":1,"tac:m82a2":1,"lesraisinsadd:m993":880,"pretaccraft:combat_armor_leggings":1}},"DataVersion":2586}