{"stats":{"minecraft:used":{"minecraft:chest":1},"minecraft:dropped":{"tac:nato_556_bullet":119,"tac:scar_l":1,"tac:flash_grenade":3},"minecraft:killed_by":{"minecraft:player":18},"minecraft:custom":{"minecraft:open_chest":3,"minecraft:time_since_rest":3823,"minecraft:crouch_one_cm":14397,"minecraft:play_one_minute":20208,"minecraft:sprint_one_cm":74416,"minecraft:deaths":19,"minecraft:damage_taken":6607,"minecraft:walk_one_cm":76359,"minecraft:sneak_time":3118,"minecraft:drop":4,"minecraft:jump":454,"minecraft:damage_dealt":15,"minecraft:leave_game":2,"minecraft:time_since_death":3795,"minecraft:fall_one_cm":10081,"minecraft:fly_one_cm":118529,"minecraft:player_kills":27},"minecraft:picked_up":{"tac:scar_l":1,"tac:flash_grenade":4,"tac:nato_556_bullet":119,"minecraft:chest":1}},"DataVersion":2586}