{"stats":{"minecraft:used":{"minecraft:chest":1},"minecraft:dropped":{"minecraft:iron_ingot":1,"minecraft:bricks":1,"zombie_extreme:spec_ops_suit_boots":1,"tac:m82a2":1,"zombie_extreme:spec_ops_suit_chestplate":1,"tac:m870_classic":1,"minecraft:poisonous_potato":4,"minecraft:yellow_terracotta":2,"tac:aa_12":1,"minecraft:rotten_flesh":107,"tac:scar_l":1,"minecraft:stripped_oak_log":3,"minecraft:jungle_planks":8,"antiqueatlas:antique_atlas":3,"tac:762x39":105,"tac:flash_grenade":3,"zombie_extreme:spec_ops_suit_leggings":1,"lesraisinsadd:the_last_word":3,"tac:nato_556_bullet":119,"minecraft:potato":1,"tac:ae50":647,"tac:m249":1,"minecraft:spider_eye":3,"tac:10_gauge_round":72,"zombie_extreme:blackbar":1,"lesraisinsadd:dvl10":1,"zombie_extreme:copper_ignot":2,"lesraisinsadd:m993":738,"zombie_extreme:soda":1,"tac:ak47":1,"tac:skin_dark_blue":1,"minecraft:polished_granite":1,"tac:50bmg":355,"minecraft:cyan_carpet":1,"minecraft:bone":1},"minecraft:broken":{"pretaccraft:combat_armor_leggings":1,"zombie_extreme:night_vision_helmet":2,"pretaccraft:combat_armor_boots":1,"pretaccraft:combat_armor_chestplate":1,"pretaccraft:combat_armor_helmet":1},"minecraft:killed_by":{"zombie_extreme:zombie_brute":1,"minecraft:player":137,"zombie_extreme:demolisher":3,"zombie_extreme:night_hunter":1,"zombie_extreme:boomerzombie":1,"zombie_extreme:explosive_zombie":1,"minecraft:skeleton":2,"zombie_extreme:parasite":2,"minecraft:spider":7,"minecraft:zombie":12,"zombie_extreme:infected_hazmat":1,"zombie_extreme:rat_king":3,"zombie_extreme:wastland_spider":2,"zombie_extreme:fast_zombie_v_2":1},"minecraft:custom":{"minecraft:mob_kills":165,"minecraft:play_one_minute":106021,"minecraft:damage_dealt_resisted":14,"minecraft:leave_game":5,"minecraft:time_since_death":0,"minecraft:time_since_rest":16,"minecraft:sprint_one_cm":266340,"minecraft:damage_taken":124985,"minecraft:walk_one_cm":454067,"minecraft:drop":90,"minecraft:damage_dealt":3341,"minecraft:fly_one_cm":255853,"minecraft:player_kills":154,"minecraft:open_chest":3,"minecraft:crouch_one_cm":28060,"minecraft:deaths":175,"minecraft:sneak_time":5107,"minecraft:jump":1575,"minecraft:fall_one_cm":38255},"minecraft:killed":{"zombie_extreme:soldier_zombie":1,"minecraft:parrot":18,"zombie_extreme:militarysoldier":2,"zombie_extreme:murku_force_unit":1,"minecraft:spider":3,"zombie_extreme:infectedperson":1,"zombie_extreme:zombie_brute":9,"minecraft:slime":1,"minecraft:creeper":4,"zombie_extreme:drawnedzombie":1,"zombie_extreme:radioactive_zombie":2,"minecraft:skeleton":2,"minecraft:zombie":95,"zombie_extreme:crawler_zombie":6,"minecraft:chicken":1,"zombie_extreme:clicker_zombie":4,"zombie_extreme:poisonous_zombie":1,"zombie_extreme:parasite":1,"zombie_extreme:fast_zombie_v_2":2,"zombie_extreme:rat_king":2,"zombie_extreme:infected_spec_ops_soldier":3},"minecraft:picked_up":{"minecraft:stripped_oak_log":3,"tac:scar_l":1,"tac:10_gauge_round":425,"minecraft:potato":1,"lesraisinsadd:the_last_word":3,"tac:aa_12":1,"tac:skin_dark_blue":1,"antiqueatlas:antique_atlas":3,"minecraft:polished_granite":1,"tac:bullet_308":720,"minecraft:bone":1,"minecraft:cyan_carpet":1,"tac:nato_556_bullet":893,"minecraft:iron_ingot":2,"pretaccraft:combat_armor_chestplate":1,"pretaccraft:combat_armor_helmet":1,"zombie_extreme:copper_ignot":2,"zombie_extreme:night_vision_helmet":2,"minecraft:chest":1,"tac:ae50":1307,"tac:minigun":1,"tac:m870_classic":1,"tac:50bmg":420,"minecraft:poisonous_potato":5,"minecraft:jungle_planks":8,"minecraft:spider_eye":3,"pretaccraft:combat_armor_boots":1,"zombie_extreme:soda":1,"zombie_extreme:blackbar":1,"skbackpacks:backpack":1,"minecraft:rotten_flesh":107,"lesraisinsadd:dvl10":1,"tac:flash_grenade":4,"tac:m249":1,"tac:m82a2":1,"lesraisinsadd:m993":880,"minecraft:yellow_terracotta":4,"minecraft:bricks":2,"pretaccraft:combat_armor_leggings":1}},"DataVersion":2586}