{"stats":{"minecraft:used":{"minecraft:chest":1},"minecraft:dropped":{"lesraisinsadd:the_last_word":2,"tac:nato_556_bullet":119,"zombie_extreme:spec_ops_suit_boots":1,"tac:m82a2":1,"tac:m870_classic":1,"zombie_extreme:spec_ops_suit_chestplate":1,"minecraft:poisonous_potato":4,"minecraft:rotten_flesh":67,"tac:scar_l":1,"minecraft:spider_eye":1,"tac:10_gauge_round":72,"minecraft:jungle_planks":8,"antiqueatlas:antique_atlas":3,"lesraisinsadd:m993":738,"zombie_extreme:copper_ignot":2,"lesraisinsadd:dvl10":1,"tac:762x39":105,"zombie_extreme:soda":1,"minecraft:bone":1,"tac:skin_dark_blue":1,"tac:ak47":1,"minecraft:polished_granite":1,"tac:flash_grenade":3,"tac:50bmg":355,"minecraft:cyan_carpet":1,"zombie_extreme:spec_ops_suit_leggings":1},"minecraft:broken":{"zombie_extreme:night_vision_helmet":2},"minecraft:killed_by":{"zombie_extreme:zombie_brute":1,"minecraft:player":109,"zombie_extreme:night_hunter":1,"zombie_extreme:explosive_zombie":1,"zombie_extreme:parasite":1,"minecraft:spider":1,"minecraft:zombie":3},"minecraft:custom":{"minecraft:time_since_rest":2907,"minecraft:sprint_one_cm":234993,"minecraft:damage_taken":103938,"minecraft:walk_one_cm":321518,"minecraft:mob_kills":56,"minecraft:drop":66,"minecraft:damage_dealt":2717,"minecraft:open_chest":3,"minecraft:fly_one_cm":215895,"minecraft:player_kills":104,"minecraft:play_one_minute":82021,"minecraft:crouch_one_cm":19008,"minecraft:deaths":118,"minecraft:sneak_time":4474,"minecraft:jump":1278,"minecraft:leave_game":5,"minecraft:time_since_death":2877,"minecraft:fall_one_cm":17638},"minecraft:killed":{"minecraft:skeleton":2,"minecraft:parrot":6,"zombie_extreme:militarysoldier":2,"minecraft:zombie":32,"zombie_extreme:crawler_zombie":4,"minecraft:spider":2,"zombie_extreme:infectedperson":1,"zombie_extreme:zombie_brute":3,"minecraft:creeper":2,"zombie_extreme:infected_spec_ops_soldier":1,"zombie_extreme:drawnedzombie":1},"minecraft:picked_up":{"tac:m870_classic":1,"tac:50bmg":420,"tac:scar_l":1,"tac:10_gauge_round":425,"minecraft:poisonous_potato":4,"minecraft:jungle_planks":8,"lesraisinsadd:the_last_word":3,"tac:aa_12":1,"tac:skin_dark_blue":1,"minecraft:spider_eye":1,"antiqueatlas:antique_atlas":3,"pretaccraft:combat_armor_boots":1,"zombie_extreme:soda":1,"minecraft:polished_granite":1,"minecraft:bone":1,"skbackpacks:backpack":1,"minecraft:cyan_carpet":1,"minecraft:rotten_flesh":67,"lesraisinsadd:dvl10":1,"tac:m249":1,"tac:flash_grenade":4,"tac:m82a2":1,"lesraisinsadd:m993":880,"tac:nato_556_bullet":773,"pretaccraft:combat_armor_chestplate":1,"minecraft:chest":1,"zombie_extreme:copper_ignot":2,"pretaccraft:combat_armor_helmet":1,"zombie_extreme:night_vision_helmet":2,"pretaccraft:combat_armor_leggings":1,"tac:ae50":1020}},"DataVersion":2586}