{"stats":{"minecraft:used":{"minecraft:chest":1},"minecraft:dropped":{"tac:nato_556_bullet":119,"tac:scar_l":1,"tac:m82a2":1,"tac:762x39":105,"tac:ak47":1,"tac:50bmg":355,"minecraft:cyan_carpet":1,"tac:flash_grenade":3},"minecraft:killed_by":{"minecraft:player":55},"minecraft:custom":{"minecraft:open_chest":3,"minecraft:time_since_rest":20,"minecraft:crouch_one_cm":15587,"minecraft:play_one_minute":42056,"minecraft:sprint_one_cm":133067,"minecraft:deaths":56,"minecraft:damage_taken":55015,"minecraft:walk_one_cm":153756,"minecraft:sneak_time":3610,"minecraft:drop":21,"minecraft:jump":665,"minecraft:damage_dealt":480,"minecraft:leave_game":2,"minecraft:time_since_death":0,"minecraft:fall_one_cm":13514,"minecraft:fly_one_cm":145593,"minecraft:player_kills":62},"minecraft:picked_up":{"tac:50bmg":420,"minecraft:cyan_carpet":1,"tac:scar_l":1,"lesraisinsadd:dvl10":1,"tac:flash_grenade":4,"lesraisinsadd:m993":880,"tac:m82a2":1,"tac:nato_556_bullet":119,"zombie_extreme:night_vision_helmet":2,"minecraft:chest":1}},"DataVersion":2586}