{"stats":{"minecraft:used":{"minecraft:chest":1},"minecraft:dropped":{"tac:nato_556_bullet":119,"tac:scar_l":1,"tac:762x39":105,"tac:ak47":1,"minecraft:cyan_carpet":1,"tac:flash_grenade":3},"minecraft:killed_by":{"minecraft:player":22},"minecraft:custom":{"minecraft:open_chest":3,"minecraft:time_since_rest":3007,"minecraft:crouch_one_cm":14409,"minecraft:play_one_minute":30056,"minecraft:sprint_one_cm":85269,"minecraft:deaths":23,"minecraft:damage_taken":7542,"minecraft:walk_one_cm":87440,"minecraft:sneak_time":3125,"minecraft:drop":8,"minecraft:jump":509,"minecraft:damage_dealt":117,"minecraft:leave_game":2,"minecraft:time_since_death":186,"minecraft:fall_one_cm":10625,"minecraft:fly_one_cm":127293,"minecraft:player_kills":33},"minecraft:picked_up":{"minecraft:cyan_carpet":1,"tac:scar_l":1,"tac:flash_grenade":4,"tac:nato_556_bullet":119,"minecraft:chest":1}},"DataVersion":2586}