{"stats":{"minecraft:used":{"minecraft:chest":1},"minecraft:dropped":{"tac:nato_556_bullet":119,"zombie_extreme:spec_ops_suit_boots":1,"tac:m82a2":1,"zombie_extreme:spec_ops_suit_chestplate":1,"minecraft:rotten_flesh":14,"tac:scar_l":1,"minecraft:jungle_planks":8,"antiqueatlas:antique_atlas":3,"zombie_extreme:copper_ignot":2,"lesraisinsadd:dvl10":1,"lesraisinsadd:m993":738,"tac:762x39":105,"tac:skin_dark_blue":1,"tac:ak47":1,"tac:flash_grenade":3,"tac:50bmg":355,"minecraft:cyan_carpet":1,"zombie_extreme:spec_ops_suit_leggings":1},"minecraft:broken":{"zombie_extreme:night_vision_helmet":2},"minecraft:killed_by":{"minecraft:player":108},"minecraft:custom":{"minecraft:time_since_rest":601,"minecraft:sprint_one_cm":218868,"minecraft:damage_taken":99614,"minecraft:walk_one_cm":272714,"minecraft:mob_kills":3,"minecraft:drop":47,"minecraft:damage_dealt":2717,"minecraft:fly_one_cm":207547,"minecraft:player_kills":103,"minecraft:open_chest":3,"minecraft:crouch_one_cm":18840,"minecraft:play_one_minute":72058,"minecraft:deaths":109,"minecraft:sneak_time":4444,"minecraft:jump":1160,"minecraft:leave_game":3,"minecraft:time_since_death":562,"minecraft:fall_one_cm":16008},"minecraft:killed":{"minecraft:zombie":1,"zombie_extreme:drawnedzombie":1},"minecraft:picked_up":{"tac:50bmg":420,"tac:scar_l":1,"tac:10_gauge_round":288,"minecraft:poisonous_potato":1,"minecraft:jungle_planks":8,"lesraisinsadd:the_last_word":1,"tac:aa_12":1,"tac:skin_dark_blue":1,"antiqueatlas:antique_atlas":3,"pretaccraft:combat_armor_boots":1,"skbackpacks:backpack":1,"minecraft:cyan_carpet":1,"minecraft:rotten_flesh":14,"lesraisinsadd:dvl10":1,"tac:flash_grenade":4,"tac:m82a2":1,"lesraisinsadd:m993":880,"tac:nato_556_bullet":119,"pretaccraft:combat_armor_chestplate":1,"zombie_extreme:copper_ignot":2,"pretaccraft:combat_armor_helmet":1,"minecraft:chest":1,"zombie_extreme:night_vision_helmet":2,"pretaccraft:combat_armor_leggings":1,"tac:ae50":1020}},"DataVersion":2586}