{"stats":{"minecraft:used":{"minecraft:chest":1},"minecraft:dropped":{"tac:nato_556_bullet":119,"tac:scar_l":1,"tac:flash_grenade":3},"minecraft:custom":{"minecraft:jump":251,"minecraft:open_chest":3,"minecraft:time_since_rest":440,"minecraft:deaths":1,"minecraft:damage_taken":295,"minecraft:crouch_one_cm":516,"minecraft:damage_dealt":15,"minecraft:play_one_minute":6229,"minecraft:sprint_one_cm":24494,"minecraft:time_since_death":365,"minecraft:walk_one_cm":17965,"minecraft:sneak_time":150,"minecraft:fall_one_cm":4214,"minecraft:drop":4,"minecraft:fly_one_cm":69931,"minecraft:player_kills":3},"minecraft:picked_up":{"tac:scar_l":1,"tac:flash_grenade":4,"minecraft:chest":1,"tac:nato_556_bullet":119}},"DataVersion":2586}