{"stats":{"minecraft:used":{"minecraft:chest":4,"minecraft:obsidian":13},"minecraft:dropped":{"minecraft:chest":2},"minecraft:custom":{"minecraft:time_since_rest":105084,"minecraft:open_chest":11,"minecraft:crouch_one_cm":5484,"minecraft:play_one_minute":106049,"minecraft:sprint_one_cm":73562,"minecraft:deaths":1,"minecraft:damage_taken":610,"minecraft:walk_one_cm":48690,"minecraft:sneak_time":1011,"minecraft:drop":2,"minecraft:jump":646,"minecraft:leave_game":1,"minecraft:time_since_death":105058,"minecraft:fly_one_cm":256002,"minecraft:fall_one_cm":4102},"minecraft:picked_up":{"zombie_extreme:gas_armor_helmet":1,"zombie_extreme:mercenary_armor_leggings":1,"zombie_extreme:spec_ops_suit_chestplate":1,"zombie_extreme:spec_ops_suit_helmet":1,"zombie_extreme:mercenary_armor_helmet":1,"zombie_extreme:mercenary_armor_chestplate":1,"zombie_extreme:gas_armor_leggings":1,"tac:nato_556_bullet":720,"zombie_extreme:spec_ops_suit_leggings":1,"zombie_extreme:gas_armor_chestplate":1,"tac:762x39":360,"minecraft:chest":1}},"DataVersion":2586}