{"stats":{"minecraft:used":{"minecraft:chest":3},"minecraft:dropped":{"minecraft:chest":1},"minecraft:custom":{"minecraft:jump":179,"minecraft:open_chest":10,"minecraft:time_since_rest":45084,"minecraft:play_one_minute":46049,"minecraft:crouch_one_cm":233,"minecraft:damage_taken":520,"minecraft:leave_game":1,"minecraft:sprint_one_cm":19831,"minecraft:time_since_death":45058,"minecraft:walk_one_cm":5489,"minecraft:deaths":1,"minecraft:sneak_time":67,"minecraft:drop":1,"minecraft:fall_one_cm":2851,"minecraft:fly_one_cm":64380}},"DataVersion":2586}