{"stats":{"minecraft:used":{"minecraft:redstone_ore":4,"minecraft:torch":32,"zombie_extreme:bear_trap":14,"zombie_extreme:rubyore":2},"minecraft:dropped":{"zombie_extreme:doctor_suit_leggings":1,"zombie_extreme:millitaryvest_leggings":1,"zombie_extreme:doctor_suit_helmet":1,"zombie_extreme:doctor_suit_chestplate":1,"zombie_extreme:j_armor_helmet":1,"zombie_extreme:ghillie_chestplate":1,"zombie_extreme:ghillie_leggings":1,"zombie_extreme:gas_armor_helmet":1,"zombie_extreme:ghillie_helmet":1,"zombie_extreme:millitaryvest_chestplate":1,"zombie_extreme:millitaryvest_boots":1,"zombie_extreme:j_armor_chestplate":1,"zombie_extreme:doctor_suit_boots":1,"zombie_extreme:combat_helmet_helmet":1,"zombie_extreme:ghillie_boots":1,"zombie_extreme:gas_armor_boots":1,"zombie_extreme:snowboard_glasses_helmet":1,"zombie_extreme:millitaryvest_helmet":1,"zombie_extreme:gas_armor_chestplate":1,"zombie_extreme:gas_armor_leggings":1,"zombie_extreme:j_armor_boots":1},"minecraft:picked_up":{"zombie_extreme:combat_helmet_helmet":1,"zombie_extreme:millitaryvest_boots":1,"zombie_extreme:j_armor_boots":1,"zombie_extreme:j_armor_helmet":1,"zombie_extreme:j_armor_chestplate":1,"zombie_extreme:ghillie_leggings":1,"zombie_extreme:doctor_suit_helmet":1,"zombie_extreme:millitaryvest_chestplate":1,"zombie_extreme:doctor_suit_leggings":1,"zombie_extreme:gas_armor_helmet":1,"zombie_extreme:ghillie_chestplate":1,"zombie_extreme:doctor_suit_boots":1,"zombie_extreme:doctor_suit_chestplate":1,"zombie_extreme:millitaryvest_leggings":1,"minecraft:rotten_flesh":1,"zombie_extreme:ghillie_boots":1,"zombie_extreme:gas_armor_leggings":1,"zombie_extreme:ghillie_helmet":1,"zombie_extreme:snowboard_glasses_helmet":1,"zombie_extreme:gas_armor_chestplate":1,"zombie_extreme:millitaryvest_helmet":1,"zombie_extreme:gas_armor_boots":1},"minecraft:custom":{"minecraft:time_since_rest":41545,"minecraft:sprint_one_cm":24040,"minecraft:damage_taken":75,"minecraft:walk_one_cm":13811,"minecraft:drop":21,"minecraft:fly_one_cm":82936,"minecraft:crouch_one_cm":781,"minecraft:play_one_minute":41545,"minecraft:sneak_time":280,"minecraft:jump":175,"minecraft:leave_game":1,"minecraft:walk_on_water_one_cm":1130,"minecraft:time_since_death":41545,"minecraft:climb_one_cm":3489}},"DataVersion":2586}