{"stats":{"minecraft:used":{"minecraft:chest":4,"minecraft:obsidian":13},"minecraft:dropped":{"minecraft:chest":2},"minecraft:killed_by":{"minecraft:player":20},"minecraft:custom":{"minecraft:time_since_rest":530,"minecraft:open_chest":11,"minecraft:crouch_one_cm":11605,"minecraft:play_one_minute":118049,"minecraft:sprint_one_cm":160690,"minecraft:deaths":22,"minecraft:damage_taken":8896,"minecraft:walk_one_cm":88866,"minecraft:sneak_time":2811,"minecraft:drop":2,"minecraft:jump":790,"minecraft:leave_game":1,"minecraft:time_since_death":503,"minecraft:player_kills":20,"minecraft:fly_one_cm":301173,"minecraft:fall_one_cm":8049},"minecraft:picked_up":{"zombie_extreme:gas_armor_helmet":1,"zombie_extreme:mercenary_armor_leggings":1,"zombie_extreme:spec_ops_suit_chestplate":1,"zombie_extreme:spec_ops_suit_helmet":1,"zombie_extreme:mercenary_armor_helmet":1,"zombie_extreme:mercenary_armor_chestplate":1,"zombie_extreme:gas_armor_leggings":1,"tac:nato_556_bullet":720,"zombie_extreme:spec_ops_suit_leggings":1,"zombie_extreme:gas_armor_chestplate":1,"tac:762x39":360,"minecraft:chest":1}},"DataVersion":2586}