{"stats":{"minecraft:custom":{"minecraft:mob_kills":38,"minecraft:play_one_minute":41085,"minecraft:damage_dealt_resisted":40,"minecraft:leave_game":1,"minecraft:time_since_death":9375,"minecraft:climb_one_cm":178,"minecraft:damage_resisted":1234,"minecraft:time_since_rest":9403,"minecraft:sprint_one_cm":78104,"minecraft:damage_taken":1927,"minecraft:walk_one_cm":48712,"minecraft:drop":24,"minecraft:damage_dealt":170,"minecraft:swim_one_cm":326,"minecraft:fly_one_cm":192099,"minecraft:open_chest":5,"minecraft:crouch_one_cm":672,"minecraft:deaths":3,"minecraft:sneak_time":577,"minecraft:walk_under_water_one_cm":2159,"minecraft:jump":615,"minecraft:walk_on_water_one_cm":5324,"minecraft:fall_one_cm":6717},"minecraft:killed_by":{"minecraft:creeper":1,"zombie_extreme:soldier_zombie":1},"minecraft:picked_up":{"zombie_extreme:anti_selective_vaccine":1,"zombie_extreme:j_armor_boots":1,"zombie_extreme:counteractingpill":1,"zombie_extreme:aspirin":1,"minecraft:gunpowder":2,"minecraft:brick":1,"zombie_extreme:rottenapple":4,"zombie_extreme:ruber":1,"minecraft:string":3,"zombie_extreme:chips":2,"zombie_extreme:millitaryvest_leggings":1,"zombie_extreme:batteries":1,"minecraft:bone":1,"minecraft:cobweb":6,"zombie_extreme:millitaryvest_helmet":1,"zombie_extreme:cloth":2,"minecraft:egg":1,"zombie_extreme:millitaryvest_boots":1,"zombie_extreme:j_armor_helmet":1,"minecraft:bowl":1,"minecraft:porkchop":3,"zombie_extreme:protectionpill":1,"zombie_extreme:jamglass":1,"zombie_extreme:millitaryvest_chestplate":1,"zombie_extreme:photo_camera":4,"zombie_extreme:soda":2,"minecraft:arrow":2,"minecraft:sugar":1,"minecraft:rotten_flesh":5,"zombie_extreme:bandage":1,"zombie_extreme:jam":1,"zombie_extreme:butcher_knife":1},"minecraft:killed":{"zombie_extreme:soldier_zombie":2,"zombie_extreme:bombsuitzombie":1,"minecraft:pig":1,"zombie_extreme:infected_hazmat":3,"minecraft:spider":6,"zombie_extreme:infectedperson":4,"zombie_extreme:zombie_brute":1,"zombie_extreme:explosive_zombie":2,"minecraft:creeper":4,"minecraft:sheep":1,"minecraft:skeleton":2,"zombie_extreme:policezombie":4,"minecraft:zombie":3,"zombie_extreme:crawler_zombie":1,"zombie_extreme:parasite":1,"zombie_extreme:fast_zombie_v_2":5,"zombie_extreme:boomerzombie":2,"zombie_extreme:rat_king":1},"minecraft:mined":{"minecraft:grass":1},"minecraft:dropped":{"zombie_extreme:millitaryvest_leggings":1,"zombie_extreme:j_armor_helmet":1,"minecraft:porkchop":2,"zombie_extreme:nailitem":1,"zombie_extreme:photo_camera":1,"minecraft:bowl":1,"minecraft:obsidian":1,"zombie_extreme:millitaryvest_chestplate":2,"zombie_extreme:rottenapple":2,"zombie_extreme:aspirin":1,"minecraft:flint_and_steel":1,"zombie_extreme:j_armor_boots":1,"minecraft:gunpowder":1,"zombie_extreme:millitaryvest_boots":1,"biomesoplenty:nether_crystal_block":1,"minecraft:arrow":2,"zombie_extreme:millitaryvest_helmet":2,"minecraft:brick":1,"minecraft:egg":1},"minecraft:used":{"zombie_extreme:butcher_knife":2,"zombie_extreme:knife":1,"minecraft:flint_and_steel":22,"biomesoplenty:nether_crystal_block":1,"minecraft:torch":34,"minecraft:obsidian":34,"minecraft:ender_eye":11,"minecraft:egg":22,"minecraft:enchanted_golden_apple":16}},"DataVersion":2586}