{"stats":{"minecraft:used":{"zombie_extreme:crawler_zombie_spawn_egg":18,"minecraft:birch_wood":19,"minecraft:chest":4,"zombie_extreme:murku_force_unit_spawn_egg":2,"minecraft:zombie_spawn_egg":177,"minecraft:stripped_jungle_wood":2,"minecraft:torch":24,"zombie_extreme:rat_king_spawn_egg":4,"zombie_extreme:zombie_brute_spawn_egg":21,"zombie_extreme:poisonous_zombie_spawn_egg":2,"minecraft:obsidian":13,"minecraft:lava_bucket":1,"minecraft:spawner":13,"zombie_extreme:clicker_zombie_spawn_egg":4,"zombie_extreme:bombsuitzombie_spawn_egg":16,"minecraft:polished_granite":11,"zombie_extreme:radioactive_zombie_spawn_egg":9,"zombie_extreme:wastland_spider_spawn_egg":4,"minecraft:splash_potion":2},"minecraft:dropped":{"lesraisinsadd:crossbow":1,"lesraisinsadd:origin_bullet":240,"tac:m82a2":2,"skbackpacks:backpack":8,"zombie_extreme:spec_ops_suit_helmet":1,"tac:m870_classic":2,"tac:bullet_308":960,"tac:micro_uzi":2,"lesraisinsadd:xm8":1,"tac:acog_4x_scope":1,"pretaccraft:combat_armor_helmet":3,"tac:aa_12":3,"tac:ai_awp":1,"minecraft:jungle_planks":8,"antiqueatlas:antique_atlas":2,"lesraisinsadd:ntw20":1,"tac:lapua338":300,"lesraisinsadd:the_last_word":1,"tac:nato_556_bullet":1920,"tac:minigun":1,"zombie_extreme:night_vision_helmet":8,"lesraisinsadd:crossbow_arrow":300,"zombie_extreme:mercenary_armor_chestplate":1,"zombie_extreme:mercenary_armor_leggings":1,"zombie_extreme:mercenary_armor_helmet":1,"tac:ae50":1680,"minecraft:chest":2,"tac:m249":1,"tac:10_gauge_round":1253,"pretaccraft:combat_armor_leggings":3,"tac:9mm_round":1320,"lesraisinsadd:dvl10":1,"lesraisinsadd:m993":1160,"pretaccraft:combat_armor_chestplate":3,"zombie_extreme:mercenary_armor_boots":1,"tac:skin_dark_blue":4,"minecraft:polished_granite":1,"pretaccraft:combat_armor_boots":3,"tac:50bmg":925,"lesraisinsadd:encore":1},"minecraft:killed_by":{"minecraft:player":55,"zombie_extreme:demolisher":1,"zombie_extreme:boomerzombie":2,"minecraft:skeleton":2,"minecraft:spider":1,"zombie_extreme:rat_king":1,"zombie_extreme:bombsuitzombie":1,"zombie_extreme:murku_force_unit":2,"zombie_extreme:fast_zombie_v_2":2,"zombie_extreme:crawler_zombie":1,"zombie_extreme:infected_spec_ops_soldier":1},"minecraft:custom":{"minecraft:mob_kills":18,"minecraft:play_one_minute":207275,"minecraft:damage_dealt_resisted":9,"minecraft:leave_game":2,"minecraft:time_since_death":3555,"minecraft:time_since_rest":3584,"minecraft:sprint_one_cm":389101,"minecraft:damage_taken":44588,"minecraft:walk_one_cm":305471,"minecraft:drop":265,"minecraft:damage_dealt":752,"minecraft:fly_one_cm":691885,"minecraft:player_kills":80,"minecraft:open_chest":11,"minecraft:crouch_one_cm":20321,"minecraft:deaths":71,"minecraft:sneak_time":5414,"minecraft:jump":1644,"minecraft:fall_one_cm":22850},"minecraft:killed":{"zombie_extreme:bombsuitzombie":1,"minecraft:parrot":3,"zombie_extreme:night_hunter":1,"zombie_extreme:zombie_brute":1,"minecraft:creeper":1,"minecraft:zombie":8,"zombie_extreme:crawler_zombie":1},"minecraft:picked_up":{"zombie_extreme:spec_ops_suit_chestplate":1,"tac:scar_l":1,"zombie_extreme:mercenary_armor_chestplate":1,"tac:10_gauge_round":180,"minecraft:potato":3,"minecraft:gunpowder":1,"tac:aa_12":2,"tac:skin_dark_blue":3,"minecraft:string":5,"antiqueatlas:antique_atlas":1,"minecraft:polished_granite":6,"minecraft:bone":2,"tac:ak47":1,"zombie_extreme:mercenary_armor_helmet":1,"zombie_extreme:spec_ops_suit_helmet":2,"tac:nato_556_bullet":721,"minecraft:iron_ingot":4,"zombie_extreme:spec_ops_suit_leggings":1,"zombie_extreme:night_vision_helmet":2,"minecraft:chest":1,"tac:ae50":600,"lesraisinsadd:origin_bullet":60,"zombie_extreme:mercenary_armor_leggings":1,"tac:50bmg":590,"minecraft:torch":1,"minecraft:jungle_planks":8,"tac:micro_uzi":1,"minecraft:spider_eye":1,"zombie_extreme:gas_armor_helmet":1,"skbackpacks:backpack":5,"minecraft:rotten_flesh":83,"lesraisinsadd:dvl10":1,"tac:m82a2":2,"lesraisinsadd:m993":280,"zombie_extreme:gas_armor_leggings":1,"zombie_extreme:gas_armor_chestplate":1,"tac:762x39":465}},"DataVersion":2586}