{"stats":{"minecraft:used":{"zombie_extreme:crawler_zombie_spawn_egg":13,"minecraft:chest":4,"minecraft:zombie_spawn_egg":84,"minecraft:stripped_jungle_wood":2,"minecraft:torch":24,"zombie_extreme:zombie_brute_spawn_egg":21,"minecraft:obsidian":13,"minecraft:lava_bucket":1,"minecraft:spawner":13,"zombie_extreme:clicker_zombie_spawn_egg":4,"zombie_extreme:bombsuitzombie_spawn_egg":8,"minecraft:polished_granite":11,"zombie_extreme:radioactive_zombie_spawn_egg":9,"minecraft:splash_potion":1},"minecraft:dropped":{"lesraisinsadd:crossbow":1,"lesraisinsadd:origin_bullet":240,"tac:m82a2":2,"skbackpacks:backpack":8,"zombie_extreme:spec_ops_suit_helmet":1,"tac:m870_classic":2,"tac:micro_uzi":1,"lesraisinsadd:xm8":1,"tac:acog_4x_scope":1,"pretaccraft:combat_armor_helmet":3,"tac:aa_12":2,"tac:ai_awp":1,"minecraft:jungle_planks":8,"antiqueatlas:antique_atlas":2,"lesraisinsadd:ntw20":1,"tac:lapua338":300,"lesraisinsadd:the_last_word":1,"tac:nato_556_bullet":1680,"zombie_extreme:night_vision_helmet":8,"lesraisinsadd:crossbow_arrow":300,"zombie_extreme:mercenary_armor_chestplate":1,"zombie_extreme:mercenary_armor_leggings":1,"zombie_extreme:mercenary_armor_helmet":1,"tac:ae50":1260,"minecraft:chest":2,"tac:m249":1,"tac:10_gauge_round":1253,"pretaccraft:combat_armor_leggings":3,"tac:9mm_round":1320,"lesraisinsadd:dvl10":1,"lesraisinsadd:m993":1160,"pretaccraft:combat_armor_chestplate":3,"zombie_extreme:mercenary_armor_boots":1,"tac:skin_dark_blue":4,"minecraft:polished_granite":1,"pretaccraft:combat_armor_boots":3,"tac:50bmg":925,"lesraisinsadd:encore":1},"minecraft:killed_by":{"minecraft:player":46,"minecraft:spider":1},"minecraft:custom":{"minecraft:mob_kills":18,"minecraft:play_one_minute":183275,"minecraft:damage_dealt_resisted":9,"minecraft:leave_game":2,"minecraft:time_since_death":6046,"minecraft:time_since_rest":6073,"minecraft:sprint_one_cm":335105,"minecraft:damage_taken":37018,"minecraft:walk_one_cm":271483,"minecraft:drop":235,"minecraft:damage_dealt":547,"minecraft:fly_one_cm":562512,"minecraft:player_kills":79,"minecraft:open_chest":11,"minecraft:crouch_one_cm":17591,"minecraft:deaths":49,"minecraft:sneak_time":4836,"minecraft:jump":1212,"minecraft:fall_one_cm":12891},"minecraft:killed":{"zombie_extreme:bombsuitzombie":1,"minecraft:parrot":3,"zombie_extreme:night_hunter":1,"zombie_extreme:zombie_brute":1,"minecraft:creeper":1,"minecraft:zombie":8,"zombie_extreme:crawler_zombie":1},"minecraft:picked_up":{"zombie_extreme:spec_ops_suit_chestplate":1,"tac:scar_l":1,"zombie_extreme:mercenary_armor_chestplate":1,"tac:10_gauge_round":180,"tac:aa_12":1,"tac:skin_dark_blue":3,"antiqueatlas:antique_atlas":1,"tac:ak47":1,"zombie_extreme:mercenary_armor_helmet":1,"zombie_extreme:spec_ops_suit_helmet":2,"tac:nato_556_bullet":721,"zombie_extreme:spec_ops_suit_leggings":1,"zombie_extreme:night_vision_helmet":2,"minecraft:chest":1,"tac:ae50":240,"lesraisinsadd:origin_bullet":60,"zombie_extreme:mercenary_armor_leggings":1,"tac:50bmg":590,"minecraft:jungle_planks":8,"zombie_extreme:gas_armor_helmet":1,"skbackpacks:backpack":5,"minecraft:rotten_flesh":6,"lesraisinsadd:dvl10":1,"tac:m82a2":2,"lesraisinsadd:m993":280,"zombie_extreme:gas_armor_leggings":1,"zombie_extreme:gas_armor_chestplate":1,"tac:762x39":465}},"DataVersion":2586}