{"stats":{"minecraft:used":{"minecraft:chest":4,"minecraft:obsidian":13},"minecraft:dropped":{"tac:ai_awp":1,"zombie_extreme:night_vision_helmet":6,"lesraisinsadd:ntw20":1,"zombie_extreme:mercenary_armor_chestplate":1,"zombie_extreme:mercenary_armor_boots":1,"zombie_extreme:mercenary_armor_leggings":1,"tac:acog_4x_scope":1,"tac:lapua338":300,"tac:50bmg":270,"zombie_extreme:mercenary_armor_helmet":1,"tac:ae50":240,"minecraft:chest":2},"minecraft:killed_by":{"minecraft:player":20},"minecraft:custom":{"minecraft:time_since_rest":12530,"minecraft:open_chest":11,"minecraft:crouch_one_cm":11692,"minecraft:play_one_minute":130049,"minecraft:sprint_one_cm":174200,"minecraft:deaths":22,"minecraft:damage_taken":8920,"minecraft:walk_one_cm":114990,"minecraft:sneak_time":2902,"minecraft:drop":38,"minecraft:jump":835,"minecraft:leave_game":1,"minecraft:time_since_death":12503,"minecraft:player_kills":23,"minecraft:fly_one_cm":337973,"minecraft:fall_one_cm":8049},"minecraft:picked_up":{"zombie_extreme:gas_armor_helmet":1,"zombie_extreme:mercenary_armor_leggings":1,"zombie_extreme:spec_ops_suit_chestplate":1,"tac:ak47":1,"tac:scar_l":1,"zombie_extreme:spec_ops_suit_helmet":1,"zombie_extreme:mercenary_armor_helmet":1,"zombie_extreme:mercenary_armor_chestplate":1,"zombie_extreme:gas_armor_leggings":1,"tac:nato_556_bullet":721,"zombie_extreme:spec_ops_suit_leggings":1,"zombie_extreme:gas_armor_chestplate":1,"zombie_extreme:night_vision_helmet":2,"tac:762x39":465,"tac:ae50":240,"minecraft:chest":1}},"DataVersion":2586}