{"stats":{"minecraft:custom":{"minecraft:time_since_rest":9948,"minecraft:sprint_one_cm":57726,"minecraft:damage_taken":693,"minecraft:walk_one_cm":35777,"minecraft:mob_kills":31,"minecraft:drop":19,"minecraft:damage_dealt":170,"minecraft:fly_one_cm":135397,"minecraft:open_chest":5,"minecraft:crouch_one_cm":120,"minecraft:play_one_minute":17085,"minecraft:deaths":1,"minecraft:sneak_time":117,"minecraft:jump":415,"minecraft:damage_dealt_resisted":40,"minecraft:walk_on_water_one_cm":286,"minecraft:time_since_death":9887,"minecraft:damage_resisted":361,"minecraft:climb_one_cm":74,"minecraft:fall_one_cm":6717},"minecraft:killed_by":{"zombie_extreme:soldier_zombie":1},"minecraft:picked_up":{"zombie_extreme:anti_selective_vaccine":1,"zombie_extreme:millitaryvest_boots":1,"zombie_extreme:j_armor_boots":1,"zombie_extreme:j_armor_helmet":1,"zombie_extreme:counteractingpill":1,"minecraft:bowl":1,"minecraft:porkchop":3,"zombie_extreme:aspirin":1,"zombie_extreme:protectionpill":1,"zombie_extreme:jamglass":1,"minecraft:gunpowder":2,"minecraft:brick":1,"zombie_extreme:rottenapple":4,"zombie_extreme:millitaryvest_chestplate":1,"minecraft:string":1,"zombie_extreme:ruber":1,"zombie_extreme:soda":1,"zombie_extreme:chips":2,"zombie_extreme:photo_camera":4,"minecraft:arrow":1,"zombie_extreme:millitaryvest_leggings":1,"zombie_extreme:batteries":1,"minecraft:bone":1,"minecraft:sugar":1,"minecraft:rotten_flesh":5,"zombie_extreme:bandage":1,"zombie_extreme:jam":1,"minecraft:cobweb":6,"zombie_extreme:millitaryvest_helmet":1,"zombie_extreme:cloth":2,"zombie_extreme:butcher_knife":1},"minecraft:killed":{"minecraft:sheep":1,"zombie_extreme:soldier_zombie":2,"minecraft:skeleton":2,"zombie_extreme:bombsuitzombie":1,"minecraft:zombie":2,"minecraft:pig":1,"zombie_extreme:crawler_zombie":1,"zombie_extreme:infected_hazmat":2,"minecraft:spider":4,"zombie_extreme:parasite":1,"zombie_extreme:infectedperson":2,"zombie_extreme:zombie_brute":1,"zombie_extreme:fast_zombie_v_2":5,"zombie_extreme:explosive_zombie":2,"minecraft:creeper":4,"zombie_extreme:boomerzombie":1,"zombie_extreme:rat_king":1},"minecraft:mined":{"minecraft:grass":1},"minecraft:dropped":{"zombie_extreme:millitaryvest_leggings":1,"zombie_extreme:j_armor_helmet":1,"minecraft:porkchop":2,"minecraft:gunpowder":1,"zombie_extreme:nailitem":1,"zombie_extreme:photo_camera":1,"minecraft:bowl":1,"zombie_extreme:millitaryvest_chestplate":2,"zombie_extreme:millitaryvest_boots":1,"zombie_extreme:rottenapple":2,"minecraft:arrow":1,"zombie_extreme:millitaryvest_helmet":2,"zombie_extreme:aspirin":1,"minecraft:brick":1,"zombie_extreme:j_armor_boots":1},"minecraft:used":{"zombie_extreme:butcher_knife":2,"zombie_extreme:knife":1,"minecraft:enchanted_golden_apple":7}},"DataVersion":2586}