{"stats":{"minecraft:used":{"zombie_extreme:rubyore":2,"minecraft:torch":32,"minecraft:redstone_ore":4},"minecraft:picked_up":{"minecraft:rotten_flesh":1},"minecraft:custom":{"minecraft:jump":135,"minecraft:time_since_rest":29367,"minecraft:crouch_one_cm":702,"minecraft:play_one_minute":29367,"minecraft:walk_on_water_one_cm":1130,"minecraft:sprint_one_cm":19700,"minecraft:damage_taken":75,"minecraft:time_since_death":29367,"minecraft:walk_one_cm":10038,"minecraft:sneak_time":216,"minecraft:climb_one_cm":3489,"minecraft:fly_one_cm":55834}},"DataVersion":2586}