{"stats":{"minecraft:custom":{"minecraft:crouch_one_cm":2485,"minecraft:time_since_rest":27814,"minecraft:sprint_one_cm":74447,"minecraft:walk_one_cm":65673,"minecraft:sneak_time":578,"minecraft:walk_under_water_one_cm":369,"minecraft:mob_kills":63,"minecraft:drop":3,"minecraft:jump":497,"minecraft:damage_dealt":766,"minecraft:leave_game":4,"minecraft:time_since_death":27814,"minecraft:walk_on_water_one_cm":1726,"minecraft:swim_one_cm":2109,"minecraft:fall_one_cm":1045,"minecraft:fly_one_cm":182457,"minecraft:play_one_minute":27814,"minecraft:open_chest":3},"minecraft:picked_up":{"zombie_extreme:photo_camera":1,"minecraft:rotten_flesh":16,"minecraft:poisonous_potato":1,"minecraft:potato":1,"minecraft:iron_ingot":2,"zombie_extreme:rottenapple":1},"minecraft:killed":{"zombie_extreme:radioactive_zombie":3,"zombie_extreme:infected_bear":1,"zombie_extreme:poisonous_zombie":3,"zombie_extreme:soldier_zombie":2,"zombie_extreme:revived":3,"zombie_extreme:parasite":3,"zombie_extreme:wastland_spider":5,"minecraft:zombie":36,"minecraft:cod":1,"zombie_extreme:zero_patient":1,"zombie_extreme:night_hunter":2,"zombie_extreme:clicker_zombie":1,"zombie_extreme:drawnedzombie":1},"minecraft:dropped":{"minecraft:rotten_flesh":1,"zombie_extreme:photo_camera":1,"minecraft:poisonous_potato":1},"minecraft:used":{"minecraft:torch":8,"zombie_extreme:machete":8,"zombie_extreme:greenapple":1,"minecraft:zombie_spawn_egg":38}},"DataVersion":2586}