{"stats":{"minecraft:used":{"minecraft:chest":3,"minecraft:obsidian":13},"minecraft:dropped":{"minecraft:chest":1},"minecraft:custom":{"minecraft:jump":505,"minecraft:open_chest":10,"minecraft:time_since_rest":93084,"minecraft:play_one_minute":94049,"minecraft:crouch_one_cm":419,"minecraft:damage_taken":520,"minecraft:leave_game":1,"minecraft:sprint_one_cm":45060,"minecraft:time_since_death":93058,"minecraft:walk_one_cm":21819,"minecraft:deaths":1,"minecraft:sneak_time":95,"minecraft:drop":1,"minecraft:fall_one_cm":2851,"minecraft:fly_one_cm":160166}},"DataVersion":2586}