{"stats":{"minecraft:used":{"minecraft:chest":4,"minecraft:stripped_jungle_wood":2,"minecraft:obsidian":13},"minecraft:dropped":{"tac:m82a2":1,"zombie_extreme:night_vision_helmet":8,"zombie_extreme:mercenary_armor_chestplate":1,"zombie_extreme:mercenary_armor_leggings":1,"zombie_extreme:mercenary_armor_helmet":1,"tac:ae50":240,"tac:acog_4x_scope":1,"minecraft:chest":2,"tac:ai_awp":1,"lesraisinsadd:ntw20":1,"lesraisinsadd:dvl10":1,"lesraisinsadd:m993":880,"zombie_extreme:mercenary_armor_boots":1,"tac:50bmg":690,"tac:lapua338":300},"minecraft:killed_by":{"minecraft:player":35},"minecraft:custom":{"minecraft:time_since_rest":712,"minecraft:sprint_one_cm":243883,"minecraft:damage_taken":25827,"minecraft:walk_one_cm":163921,"minecraft:drop":71,"minecraft:damage_dealt":70,"minecraft:fly_one_cm":405881,"minecraft:player_kills":49,"minecraft:open_chest":11,"minecraft:play_one_minute":142049,"minecraft:crouch_one_cm":12201,"minecraft:deaths":37,"minecraft:sneak_time":3075,"minecraft:jump":989,"minecraft:leave_game":1,"minecraft:time_since_death":684,"minecraft:fall_one_cm":9938},"minecraft:picked_up":{"tac:50bmg":355,"zombie_extreme:mercenary_armor_leggings":1,"zombie_extreme:spec_ops_suit_chestplate":1,"tac:scar_l":1,"zombie_extreme:mercenary_armor_chestplate":1,"zombie_extreme:gas_armor_helmet":1,"tac:ak47":1,"zombie_extreme:mercenary_armor_helmet":1,"zombie_extreme:spec_ops_suit_helmet":1,"tac:m82a2":1,"zombie_extreme:gas_armor_leggings":1,"tac:nato_556_bullet":721,"zombie_extreme:spec_ops_suit_leggings":1,"zombie_extreme:gas_armor_chestplate":1,"tac:762x39":465,"zombie_extreme:night_vision_helmet":2,"minecraft:chest":1,"tac:ae50":240}},"DataVersion":2586}