{"stats":{"minecraft:custom":{"minecraft:open_chest":2,"minecraft:time_since_rest":19219,"minecraft:play_one_minute":19219,"minecraft:crouch_one_cm":2295,"minecraft:sprint_one_cm":57732,"minecraft:walk_one_cm":56560,"minecraft:sneak_time":286,"minecraft:walk_under_water_one_cm":369,"minecraft:mob_kills":60,"minecraft:drop":3,"minecraft:jump":424,"minecraft:damage_dealt":700,"minecraft:leave_game":1,"minecraft:time_since_death":19219,"minecraft:walk_on_water_one_cm":1205,"minecraft:swim_one_cm":2109,"minecraft:fall_one_cm":1045,"minecraft:fly_one_cm":95635},"minecraft:used":{"zombie_extreme:machete":8,"zombie_extreme:greenapple":1,"minecraft:zombie_spawn_egg":38},"minecraft:dropped":{"minecraft:rotten_flesh":1,"zombie_extreme:photo_camera":1,"minecraft:poisonous_potato":1},"minecraft:picked_up":{"minecraft:rotten_flesh":15,"minecraft:potato":1,"minecraft:poisonous_potato":1,"minecraft:iron_ingot":2,"zombie_extreme:photo_camera":1},"minecraft:killed":{"zombie_extreme:poisonous_zombie":1,"zombie_extreme:infected_bear":1,"zombie_extreme:soldier_zombie":2,"zombie_extreme:revived":3,"zombie_extreme:parasite":3,"zombie_extreme:wastland_spider":5,"minecraft:zombie":35,"minecraft:cod":1,"zombie_extreme:zero_patient":1,"zombie_extreme:night_hunter":2,"zombie_extreme:clicker_zombie":1,"zombie_extreme:drawnedzombie":1,"zombie_extreme:radioactive_zombie":3}},"DataVersion":2586}