{"stats":{"minecraft:used":{"minecraft:lava_bucket":1,"minecraft:chest":4,"minecraft:stripped_jungle_wood":2,"minecraft:obsidian":13},"minecraft:dropped":{"lesraisinsadd:crossbow":1,"tac:m82a2":2,"zombie_extreme:night_vision_helmet":8,"zombie_extreme:spec_ops_suit_helmet":1,"tac:m870_classic":1,"lesraisinsadd:crossbow_arrow":300,"zombie_extreme:mercenary_armor_chestplate":1,"zombie_extreme:mercenary_armor_leggings":1,"zombie_extreme:mercenary_armor_helmet":1,"tac:ae50":240,"tac:acog_4x_scope":1,"minecraft:chest":2,"pretaccraft:combat_armor_helmet":3,"tac:aa_12":2,"tac:ai_awp":1,"tac:10_gauge_round":1080,"antiqueatlas:antique_atlas":1,"pretaccraft:combat_armor_leggings":3,"lesraisinsadd:ntw20":1,"lesraisinsadd:dvl10":1,"lesraisinsadd:m993":1160,"pretaccraft:combat_armor_chestplate":3,"zombie_extreme:mercenary_armor_boots":1,"pretaccraft:combat_armor_boots":3,"tac:50bmg":925,"tac:lapua338":300},"minecraft:killed_by":{"minecraft:player":46},"minecraft:custom":{"minecraft:time_since_rest":7679,"minecraft:sprint_one_cm":301403,"minecraft:damage_taken":36470,"minecraft:walk_one_cm":221043,"minecraft:drop":138,"minecraft:damage_dealt":547,"minecraft:fly_one_cm":436462,"minecraft:player_kills":76,"minecraft:open_chest":11,"minecraft:play_one_minute":160049,"minecraft:crouch_one_cm":13807,"minecraft:deaths":48,"minecraft:sneak_time":3768,"minecraft:jump":1138,"minecraft:leave_game":1,"minecraft:time_since_death":7634,"minecraft:fall_one_cm":12325},"minecraft:picked_up":{"tac:50bmg":590,"zombie_extreme:mercenary_armor_leggings":1,"zombie_extreme:spec_ops_suit_chestplate":1,"tac:scar_l":1,"zombie_extreme:mercenary_armor_chestplate":1,"tac:10_gauge_round":180,"tac:aa_12":1,"zombie_extreme:gas_armor_helmet":1,"tac:ak47":1,"lesraisinsadd:dvl10":1,"zombie_extreme:mercenary_armor_helmet":1,"zombie_extreme:spec_ops_suit_helmet":2,"tac:m82a2":2,"lesraisinsadd:m993":280,"zombie_extreme:gas_armor_leggings":1,"tac:nato_556_bullet":721,"zombie_extreme:spec_ops_suit_leggings":1,"zombie_extreme:gas_armor_chestplate":1,"tac:762x39":465,"zombie_extreme:night_vision_helmet":2,"minecraft:chest":1,"tac:ae50":240}},"DataVersion":2586}